pid,round,cpu,wc,ram,logged,decided,agr_rounds,restarts,loaded_tail,active_tail,active_front,loaded_front,beb_bc,beb_dir,beb_r,pf_s,pf_r,sent,s_cyc,ack_s,ack_r,ack_cyc,recv,recvtot,aas,aar,lookup_size,acked_size,p_acks_size,send_q_size,susp_size,fl_s,fl_r,fl_rq,receive_q_size
20,0,105,1051,4992,17,19,50,0,1,18,28,38,50,1691,2544,2641,2545,3383,5313,1041,800,0,3336,5254,800,947,452,729,158,711,0,5404,5519,5519,265
20,1,221,2081,5120,17,16,40,6,1,35,47,57,40,609,1134,1369,1133,1934,3084,595,583,0,1837,3203,583,624,319,855,95,930,0,3250,2979,2979,70
20,2,310,3088,5120,22,21,55,0,1,57,69,79,55,1213,2381,2258,2381,3079,5646,992,758,0,3129,5038,758,974,217,657,61,621,0,4989,5123,5123,155
20,3,404,4124,5120,25,25,66,0,1,82,94,104,66,1098,2356,2352,2356,2905,5035,748,719,0,2859,4521,719,761,317,995,74,843,0,4552,4396,4396,30
20,4,511,5136,5248,15,16,59,0,1,97,109,119,59,937,2006,2058,2006,2825,4863,937,724,0,2866,4600,723,851,379,1184,93,863,0,4665,4872,4872,315
20,5,609,6141,5248,21,20,54,0,1,118,130,140,54,1070,2125,2096,2125,3068,5421,711,825,0,2895,4716,826,809,198,1104,75,606,0,4765,4531,4531,130
20,6,708,7148,5248,17,17,46,0,1,135,147,157,46,899,1762,1773,1762,2756,4472,902,967,0,2461,4428,967,836,287,1349,66,663,0,4785,4433,4433,135
20,7,799,8166,5376,21,22,64,0,1,156,168,178,64,1224,2501,2440,2501,2725,5180,630,686,0,2832,4407,686,711,325,1337,91,648,0,4221,4277,4277,5
20,8,895,9194,5376,19,19,54,0,1,175,187,197,54,1098,2138,2124,2139,2894,5023,942,676,0,2712,4343,676,782,323,1464,131,646,0,4395,4557,4557,290
20,9,987,10230,5376,19,17,46,0,1,194,206,216,46,763,1582,1637,1581,2174,3870,652,700,0,2195,3784,700,715,199,1519,63,681,0,3578,3474,3474,70
20,10,1073,11273,5376,12,13,40,0,1,206,218,228,40,652,1383,1412,1384,2224,3734,553,563,0,1848,2972,563,416,318,1587,93,583,0,3499,3065,3065,163
20,11,1171,12286,5376,5,4,36,0,1,211,223,233,36,810,1567,1494,1568,1902,3237,719,695,0,2079,3673,695,720,329,1885,158,771,0,3449,3885,3885,399
20,12,1277,13291,5376,31,31,71,0,1,242,254,264,71,1206,2563,2555,2562,3026,5508,980,928,0,3119,5275,928,1050,333,1952,110,844,0,5103,4926,4926,50
20,13,1373,14302,5376,16,18,55,0,1,258,270,280,55,1087,2121,2132,2121,2756,5048,848,887,0,2466,4349,887,827,185,1906,67,684,0,4671,4520,4520,221
20,14,1473,15304,5376,20,18,59,0,1,278,290,300,59,974,2039,2095,2039,2657,4611,679,705,0,2578,4171,705,711,340,1975,81,825,0,4221,3947,3947,26
20,15,1560,16314,5504,17,25,54,0,1,295,307,317,54,1269,2469,2295,2469,2618,4872,840,862,0,3095,4958,862,834,191,2273,69,866,0,4500,4937,4937,5
20,16,1661,17327,5504,32,24,66,0,1,327,339,349,66,1221,2299,2475,2299,2788,5421,1095,840,0,2573,4526,840,945,457,1926,215,708,0,4903,4670,4670,149
20,17,1766,18336,5632,18,18,52,0,1,345,357,367,52,916,1933,1904,1933,2103,3754,1172,895,0,2395,4313,894,873,357,2311,173,960,0,4329,5132,5132,968
20,18,1874,19345,5632,15,17,35,4,1,360,372,382,35,1026,1733,1691,1734,3074,4954,1128,1405,0,3056,6049,1406,1399,389,2776,159,772,0,5788,5468,5468,387
20,19,1970,20352,5760,15,14,28,0,1,375,384,394,28,552,1094,1084,1094,2419,3835,1296,475,0,1404,2515,475,542,446,2491,188,440,0,4370,4242,4153,2044
20,20,2086,21385,5760,7,6,25,1,1,382,394,404,25,330,713,805,712,1334,2204,1077,1444,0,1999,4771,1444,1107,58,3001,17,375,0,4034,3485,2741,14
20,21,2198,22395,5760,5,7,19,1,1,387,399,409,19,494,969,855,969,1462,2235,668,563,0,1120,2276,562,474,369,3333,123,457,0,2831,2632,2632,372
20,22,2288,23434,5760,13,12,42,0,1,400,412,422,42,783,1570,1581,1571,2341,3792,925,753,0,2427,4348,754,978,318,3677,78,808,0,4200,3930,3930,0
20,23,2395,24460,5760,16,8,34,1,1,416,428,438,34,690,1347,1336,1347,2347,3428,703,1041,0,2145,4125,1040,764,385,4170,151,1064,0,4120,4173,4173,121
20,24,2499,25469,5760,18,22,55,0,1,434,446,456,55,1146,2216,2191,2217,3186,5866,923,1039,0,2795,4934,1040,928,232,4034,79,575,0,5178,5006,5006,197
20,25,2595,26477,5760,25,20,59,0,1,459,471,481,59,1181,2228,2302,2228,3119,5316,828,953,0,2832,4800,953,843,164,4204,45,695,0,5008,4733,4733,157
20,26,2694,27492,5760,25,25,69,0,1,484,496,506,69,1318,2634,2629,2633,3314,5789,726,822,0,3079,4809,822,729,346,4262,109,849,0,5042,4666,4666,14
20,27,2793,28504,5888,26,26,67,0,10,510,522,532,67,1224,2522,2497,2523,2927,5625,767,941,0,3063,4945,941,767,435,4158,160,648,0,4815,5003,5003,81
20,28,2888,29523,5888,20,22,70,0,30,530,542,552,70,1309,2613,2639,2613,3042,5532,1072,992,0,3135,5377,992,1072,268,4350,65,808,0,5041,5273,5273,26
20,29,2986,30529,5888,26,24,74,0,56,556,568,578,74,1192,2526,2598,2526,2890,5488,918,903,0,2988,4845,903,778,363,4327,118,808,0,4877,4862,4862,46
20,30,3080,31552,5888,23,23,63,0,79,579,591,601,63,1197,2425,2394,2426,3065,5266,785,899,0,2849,4780,899,859,243,4551,66,1001,0,4909,4719,4719,133
20,31,3183,32559,5888,20,20,61,0,99,599,611,621,61,1157,2322,2316,2322,3081,5764,817,900,0,2893,4852,900,881,246,4309,83,641,0,4966,4772,4772,53
20,32,3279,33567,5888,19,19,63,0,118,618,630,640,63,978,2155,2175,2155,2593,4473,808,894,0,2763,4622,894,796,207,4735,82,936,0,4455,4705,4705,144
20,33,3378,34580,5888,21,19,62,0,139,639,651,661,62,1074,2291,2252,2292,2801,5590,996,830,0,2697,4676,830,972,222,4380,80,478,0,4545,4608,4608,113
20,34,3475,35596,5888,23,24,71,0,162,662,674,684,71,1235,2598,2584,2597,3098,5606,1034,1016,0,3072,5328,1016,1064,260,4454,76,554,0,5328,5306,5306,138
20,35,3578,36616,5888,23,22,62,0,185,685,697,707,62,1092,2193,2270,2194,2802,4755,1006,910,0,2660,4528,910,798,430,4744,119,869,0,4838,4901,4901,553
20,36,3670,37623,6016,14,16,42,0,199,699,711,721,42,1031,1916,1829,1916,2462,4662,752,747,0,2848,4692,747,916,166,4563,44,500,0,4121,4183,4183,45
20,37,3768,38642,6016,24,22,59,0,223,723,735,745,59,834,1864,1955,1864,2331,4103,692,749,0,2461,4024,749,638,348,4811,104,690,0,3830,4046,4046,67
20,38,3860,39838,6016,12,12,51,0,235,735,747,757,51,995,1990,1964,1990,2850,4721,768,795,0,2530,4326,795,805,380,4974,162,783,0,4593,4114,4114,35
20,39,3944,40839,6016,15,23,45,0,250,750,760,770,45,773,1736,1628,1737,2266,4374,868,562,0,2456,3798,562,642,274,4824,77,303,0,3876,4291,4291,528
20,40,4032,41923,6016,9,1,23,0,259,759,770,780,23,303,540,740,540,1565,1947,707,1065,0,1525,3512,1065,695,174,5251,49,661,0,3220,2970,2970,121
20,41,4133,42930,6016,13,19,57,0,272,772,784,794,57,878,2031,1961,2030,2426,4470,842,802,0,2495,4172,802,704,362,5388,166,578,0,4250,4242,4242,191
20,42,4221,43934,6016,25,19,56,0,297,797,809,819,56,1211,2225,2275,2225,2846,5051,722,818,0,2517,4297,818,782,467,5461,116,648,0,4566,4155,4155,49
20,43,4323,44939,6016,21,21,66,0,318,818,830,840,66,1137,2369,2391,2370,2603,4981,851,829,0,3039,4897,829,864,274,5370,87,661,0,4463,4959,4959,112
20,44,4427,45942,6016,18,20,67,0,336,836,848,858,67,1153,2432,2426,2431,2989,5340,1075,984,0,3033,5226,984,1030,294,5633,111,736,0,5208,5184,5184,70
20,45,4519,46945,6016,21,19,61,0,357,857,869,879,61,1018,2152,2177,2152,2437,4559,814,793,0,2739,4452,792,756,284,5608,125,790,0,4223,4480,4480,98
20,46,4623,47947,6016,18,20,56,0,375,875,887,897,56,1133,2242,2197,2242,3030,5466,823,921,0,2730,4743,922,913,243,5514,113,552,0,4933,4731,4731,87
20,47,4722,48949,6016,24,23,65,0,399,899,911,921,65,1179,2413,2414,2413,2982,5134,1145,968,0,2976,5224,968,1120,309,5769,112,814,0,5255,5361,5361,224
20,48,4823,49957,6016,23,22,67,0,422,922,934,944,67,1051,2258,2324,2258,2733,5183,993,952,0,2825,4968,952,1008,134,5747,58,688,0,4858,4822,4822,78
20,49,4920,50961,6016,24,24,62,0,446,946,958,968,62,1246,2416,2424,2416,3017,5215,852,862,0,2877,4703,862,788,399,5901,108,914,0,4901,4745,4745,129
20,50,5019,51984,6016,15,16,44,0,461,961,971,981,44,1031,1926,1867,1927,2408,4602,755,747,0,2633,4267,747,727,449,5643,131,587,0,4090,4436,4436,332
20,51,5122,53000,6016,25,24,61,0,486,986,998,1008,61,959,2052,2118,2052,2801,5015,977,937,0,2906,4939,937,911,375,5780,180,563,0,4848,4781,4781,266
20,52,5221,54009,6016,16,20,62,0,502,1002,1014,1024,62,1175,2409,2353,2409,2732,5049,804,840,0,2849,4706,840,851,402,5887,136,599,0,4556,4815,4815,375
20,53,5322,55031,6016,20,16,57,0,522,1022,1034,1044,57,943,1944,2026,1943,2535,4649,947,921,0,2828,4862,921,922,318,6010,126,639,0,4359,4495,4495,8
20,54,5411,56058,6016,16,16,42,0,538,1038,1050,1060,42,649,1400,1447,1400,2085,3367,686,631,0,2033,3584,631,760,199,6267,47,804,0,3562,3565,3565,0
20,55,5502,57077,6016,21,20,57,0,559,1059,1071,1081,57,1080,2151,2163,2152,2509,4800,679,700,0,2326,3837,700,641,335,6117,154,676,0,3864,3881,3881,108
20,56,5595,58091,6016,22,22,68,0,581,1081,1093,1103,68,1243,2521,2535,2520,3078,5607,871,818,0,3076,4989,818,918,295,6209,118,682,0,4947,4940,4940,59
20,57,5699,59126,6016,25,25,56,0,606,1106,1115,1125,56,1225,2358,2289,2358,2770,5006,1148,1044,0,2876,5177,1044,1078,362,6190,189,735,0,5124,5160,5160,120
20,58,5808,60154,6016,18,18,48,0,624,1124,1136,1146,48,994,1999,1906,2000,2865,5097,876,908,0,2595,4550,908,879,331,6230,161,465,0,4532,4639,4639,291
20,59,5901,61243,6016,6,5,5,0,630,1130,1137,1147,6,45,178,148,179,1268,1846,1611,200,0,761,1193,200,182,444,6141,215,369,0,2757,3395,2443,1908
20,60,6003,62295,6016,16,16,53,0,646,1146,1158,1168,53,936,2003,1943,2003,2644,4417,1023,1385,0,3137,6339,1385,1533,457,6567,164,656,0,5068,4556,4475,44
20,61,6100,63336,6016,25,24,55,0,671,1171,1183,1193,55,1113,2091,2158,2091,2669,4504,811,883,0,2633,4607,883,906,259,6973,79,992,0,4497,4578,4578,86
20,62,6199,64360,6016,18,18,52,0,689,1189,1201,1211,52,1116,2159,2104,2159,3139,5662,751,794,0,2602,4229,793,677,248,6786,98,573,0,4843,4526,4526,383
20,63,6299,65372,6144,22,25,66,0,711,1211,1223,1233,66,1238,2529,2492,2528,2868,5367,613,898,0,3149,4979,899,734,305,6694,135,585,0,4559,4591,4591,53
20,64,6396,66387,6144,22,21,58,0,733,1233,1245,1255,58,1026,2036,2128,2037,2709,4631,1117,863,0,2868,4888,863,995,417,7008,121,797,0,4869,5028,5028,201
20,65,6504,67458,6144,22,21,60,0,755,1255,1267,1277,60,1197,2349,2337,2348,3432,5756,817,774,0,2971,4755,774,822,402,6980,88,811,0,5202,4478,4478,82
20,66,6593,68476,6144,21,22,62,0,776,1276,1288,1298,62,1177,2425,2355,2425,2683,5088,750,911,0,2833,4626,911,706,329,7203,129,761,0,4504,4526,4526,34
20,67,6693,69489,6144,23,21,49,0,799,1299,1311,1321,49,1069,2004,2000,2004,2645,4684,843,735,0,2456,4191,735,826,271,7223,126,722,0,4403,4157,4157,0
20,68,6794,70502,6144,19,19,60,0,818,1318,1330,1340,60,1034,2124,2174,2125,2719,4988,799,818,0,2653,4525,818,881,266,7093,108,627,0,4516,4680,4680,155
20,69,6904,71520,6144,23,23,71,0,841,1341,1353,1363,71,1067,2289,2416,2288,3043,5197,927,948,0,2884,4814,948,807,516,7254,189,888,0,5078,4920,4920,266
20,70,7010,72530,6144,15,19,57,0,856,1356,1368,1378,57,1093,2333,2176,2334,3009,5363,854,954,0,2983,5090,954,989,291,7462,115,711,0,4997,4954,4954,130
20,71,7111,73540,6144,26,22,50,0,882,1382,1394,1404,50,981,1879,1931,1879,2681,4605,811,709,0,2381,3983,709,714,287,7504,94,718,0,4381,3960,3960,107
20,72,7207,74548,6144,10,12,41,0,892,1392,1404,1414,41,764,1572,1543,1571,1924,3423,596,684,0,2079,3511,684,589,340,7778,102,762,0,3324,3404,3404,0
20,73,7315,75557,6144,17,17,51,0,909,1409,1421,1431,51,901,1852,1870,1853,2399,4387,824,806,0,2178,4014,806,866,267,7746,90,644,0,4209,4160,4160,146
20,74,7405,76561,6144,29,27,72,0,938,1438,1450,1460,72,1263,2538,2631,2537,2964,5129,786,895,0,2977,4803,895,752,354,8122,204,1110,0,4825,4768,4768,111
20,75,7499,77564,6144,17,17,55,0,955,1455,1467,1477,55,1124,2216,2169,2217,2890,5468,858,785,0,2636,4407,785,824,383,7741,105,701,0,4713,4607,4607,311
20,76,7594,78567,6144,25,25,68,0,980,1480,1492,1502,68,1191,2537,2483,2537,3050,5622,936,812,0,3235,5103,812,876,330,7766,119,613,0,4958,5082,5082,288
20,77,7691,79569,6144,14,18,64,0,994,1494,1506,1516,64,1185,2420,2401,2419,3408,5909,762,779,0,2884,4609,779,770,290,7758,137,520,0,5125,4395,4395,75
20,78,7770,80604,6144,6,3,0,0,1000,1500,1506,1516,0,22,80,22,81,1170,1357,936,25,0,162,261,25,67,286,7667,117,372,0,2304,2479,2075,2044
20,79,7870,81771,6144,4,0,23,13,1004,1504,1516,1526,23,499,597,936,597,1504,2115,587,1036,0,1417,3643,1036,892,279,7753,74,764,0,3146,1973,1774,175
4,0,87,1021,4736,0,5,43,0,1,1,13,23,43,796,1433,1613,1433,2028,2837,308,360,0,1614,2417,359,300,249,387,61,804,0,2874,2492,2492,75
4,1,180,2055,4736,28,23,52,0,1,29,41,51,52,999,1985,1987,1984,2674,4640,893,902,0,2712,4579,902,788,294,513,96,848,0,4643,4611,4611,135
4,2,276,3063,4864,9,11,34,4,1,38,50,60,34,638,1305,1284,1306,1745,2923,705,602,0,1859,3410,603,796,257,704,77,954,0,3213,3327,3327,52
4,3,372,4069,4864,28,26,79,0,1,66,78,88,79,1273,2689,2774,2689,3512,6349,748,919,0,3257,5104,919,748,286,526,60,891,0,5360,5119,5119,67
4,4,475,5090,4992,17,17,58,0,1,83,95,105,58,894,2046,1996,2046,2772,5167,716,601,0,2647,4006,601,600,454,412,81,492,0,4261,4225,4225,286
4,5,574,6104,4992,19,19,49,0,1,102,114,124,49,1074,1993,2005,1992,2404,4334,715,790,0,2811,4508,789,716,272,658,112,567,0,4088,4345,4345,179
4,6,669,7134,5120,11,13,53,0,1,113,125,135,53,1102,2212,2109,2212,3348,5250,898,998,0,2964,5131,999,996,217,940,88,774,0,5424,4952,4952,0
4,7,757,8168,5120,27,26,54,0,1,140,152,162,54,959,1891,1985,1891,2337,4296,730,758,0,2382,3970,758,657,388,969,158,800,0,3917,3838,3838,84
4,8,848,9178,5120,22,21,76,0,1,162,174,184,76,1267,2685,2711,2685,3342,5819,913,907,0,3300,5334,907,958,396,1189,113,1034,0,5342,5326,5326,76
4,9,942,10188,5120,17,20,46,0,1,179,191,201,46,1007,1886,1881,1886,2498,4977,789,757,0,2368,3998,757,701,325,701,91,436,0,4204,4103,4103,181
4,10,1043,11231,5120,19,16,45,0,1,198,210,220,45,709,1571,1564,1571,2080,3260,642,716,0,2132,3701,716,677,263,1288,98,819,0,3598,3576,3576,56
4,11,1130,12235,5120,5,7,27,0,1,203,215,225,27,539,1081,1052,1081,2258,3573,750,444,0,1651,2795,443,572,245,1376,71,557,0,3611,3076,3077,338
4,12,1231,13269,5120,22,20,53,0,1,225,237,247,53,1096,2063,2103,2063,2405,4336,816,959,0,2847,4939,960,935,394,1584,114,729,0,4356,4700,4700,137
4,13,1327,14282,5120,16,16,47,0,1,241,253,263,47,1008,1915,1901,1916,2490,4426,808,768,0,2228,3783,768,635,373,1620,99,693,0,4246,4378,4378,756
4,14,1434,15296,5248,15,20,40,0,1,256,268,278,40,1197,2068,1957,2067,2815,4889,1061,1198,0,3134,5618,1198,1102,190,1903,104,577,0,5253,5019,5019,157
4,15,1520,16314,5376,27,22,44,0,1,283,295,305,44,1096,1835,1932,1835,2215,3878,672,738,0,2215,3830,738,697,228,2087,96,860,0,3756,3676,3676,53
4,16,1616,17319,5376,23,24,59,0,1,306,318,328,59,1251,2372,2372,2372,2825,5186,883,924,0,2724,4699,924,872,187,2138,79,871,0,4791,4678,4678,32
4,17,1709,18327,5376,25,24,60,0,1,331,343,353,60,1183,2292,2323,2293,2948,5354,941,770,0,2900,4814,770,981,213,2102,62,788,0,4838,4899,4899,132
4,18,1817,19356,5376,20,22,54,0,1,351,363,373,54,974,2015,2000,2014,2640,4886,851,904,0,2613,4375,903,686,494,2101,168,569,0,4412,4498,4498,319
4,19,1923,20406,5376,18,17,52,0,1,369,381,391,52,1042,2031,2030,2031,2585,4503,907,938,0,2966,5150,938,1061,353,2257,127,681,0,4610,4880,4880,49
4,20,2047,21417,5376,3,5,19,9,1,372,384,394,19,338,645,699,645,1728,2510,933,677,0,1478,2772,678,440,247,2322,128,598,0,3518,2777,2777,54
4,21,2182,22591,5632,12,6,20,8,1,384,396,406,20,189,360,569,359,1495,1769,848,675,0,960,2526,674,757,359,2726,145,989,0,2872,3103,2805,611
4,22,2288,23658,5760,3,4,23,7,1,387,396,406,23,713,1436,1150,1437,2853,3773,1639,850,0,2529,4423,851,909,758,3363,247,1219,0,5105,5490,4232,766
4,23,2387,24662,5760,18,17,34,0,1,405,417,427,34,727,1408,1373,1408,2378,4529,761,918,0,2347,4601,918,1156,285,3254,84,441,0,4214,4145,4145,310
4,24,2485,25670,5888,16,16,56,0,1,421,433,443,56,981,2045,2045,2045,2942,4632,702,773,0,2970,4723,773,793,158,3767,53,796,0,4577,4553,4553,140
4,25,2585,26679,5888,24,21,65,0,1,445,457,467,65,1194,2310,2429,2310,2623,5087,773,711,0,2659,4333,711,788,215,3596,77,781,0,4287,4284,4284,91
4,26,2696,27688,5888,26,26,60,0,1,471,483,493,60,1276,2404,2416,2403,2862,5300,989,1026,0,3019,5172,1026,952,254,3646,76,759,0,5057,5081,5081,0
4,27,2795,28695,5888,25,26,63,0,1,496,508,518,63,1199,2447,2396,2447,2946,5335,926,1139,0,2984,5240,1139,946,206,3852,77,766,0,5169,5338,5338,98
4,28,2903,29703,5888,15,18,56,0,11,511,523,533,56,1193,2239,2257,2239,2832,5356,1216,948,0,2648,4714,948,963,419,3507,169,499,0,5176,5415,5415,799
4,29,3003,30712,5888,34,30,59,0,45,545,557,567,59,1446,2540,2567,2540,2977,5430,858,967,0,3291,5480,967,1024,472,3652,136,613,0,4982,4753,4753,72
4,30,3102,31720,5888,20,20,70,0,65,565,577,587,70,1185,2528,2515,2528,2740,4947,922,1019,0,3112,5239,1019,938,437,4075,100,921,0,4861,5245,5245,85
4,31,3203,32737,5888,22,23,62,0,87,587,599,609,62,1162,2351,2340,2351,2826,5461,863,826,0,2908,4787,826,877,336,3891,137,626,0,4675,4805,4805,110
4,32,3303,33745,5888,14,14,48,0,101,601,613,623,48,979,1961,1891,1961,2559,4592,914,862,0,2610,4562,862,913,217,3960,84,484,0,4513,4454,4454,2
4,33,3387,34752,5888,24,23,69,0,125,625,637,647,69,1061,2279,2372,2279,2653,4903,813,769,0,2681,4480,769,863,163,3972,63,606,0,4415,4547,4547,72
4,34,3478,35760,5888,24,24,55,0,149,649,661,671,55,1233,2269,2278,2269,2950,4979,802,762,0,2641,4390,762,807,310,4254,70,855,0,4688,4432,4432,119
4,35,3579,36778,6016,23,23,62,0,172,672,684,694,62,1221,2462,2399,2462,3069,5645,889,844,0,3049,4946,843,877,178,4126,75,678,0,4810,5022,5022,227
4,36,3684,37787,6016,20,20,56,0,192,692,704,714,56,975,1957,2039,1958,2625,4696,838,754,0,2483,3992,755,609,381,4147,139,644,0,4378,4485,4485,720
4,37,3792,38834,6016,21,21,56,0,213,713,725,735,56,1094,2217,2158,2217,2564,4745,964,1047,0,3071,5406,1047,1092,406,4424,151,623,0,4735,4736,4736,124
4,38,3884,39875,6016,9,9,27,0,222,722,734,744,27,495,1016,1008,1017,2017,3023,723,713,0,1530,2972,713,588,205,4847,70,649,0,3587,3407,3407,559
4,39,3990,40879,6016,21,21,61,0,243,743,755,765,61,1235,2422,2394,2421,2770,4949,805,1051,0,3083,5159,1051,826,376,4987,138,864,0,4786,4776,4776,176
4,40,4119,41889,6016,7,9,23,0,250,750,762,772,23,426,873,863,874,2740,3910,1172,627,0,1605,2776,627,449,532,4822,162,557,0,4718,4078,4078,1478
4,41,4223,42895,6016,13,11,34,6,263,763,775,785,34,551,950,1197,950,1827,2437,1109,1351,0,2026,4850,1351,1256,230,5656,123,1144,0,4467,4639,3389,17
4,42,4333,43901,6016,14,15,41,0,277,777,789,799,41,861,1797,1640,1796,2248,4615,1195,998,0,2403,4467,998,910,254,5199,125,430,0,4618,4615,4614,164
4,43,4431,44936,6016,25,25,67,0,302,802,814,824,67,1203,2460,2476,2461,2763,4857,814,976,0,2966,4978,976,865,207,5649,102,812,0,4713,4892,4892,83
4,44,4533,45941,6016,21,21,60,0,323,823,835,845,60,1125,2324,2265,2324,3050,5478,937,878,0,2941,4822,878,837,365,5601,131,649,0,5045,5094,5094,355
4,45,4637,46964,6016,19,19,61,0,342,842,854,864,61,1190,2272,2349,2271,2708,5094,1011,847,0,2939,4977,847,1015,320,5412,146,611,0,4684,4803,4803,197
4,46,4737,47977,6144,19,18,62,0,361,861,873,883,62,1056,2210,2234,2209,2941,4894,948,954,0,2777,4927,954,1010,250,5799,102,902,0,4972,4921,4921,191
4,47,4836,48979,6144,24,24,59,0,385,885,897,907,59,1166,2325,2287,2325,2713,5343,920,891,0,2897,4864,891,913,240,5446,78,559,0,4704,4759,4759,86
4,48,4922,50009,6144,23,23,72,0,408,908,920,930,72,1209,2531,2577,2532,2548,4663,842,870,0,3019,4896,870,828,199,5984,60,1029,0,4420,4913,4913,118
4,49,5014,51012,6144,17,17,58,0,425,925,937,947,58,1044,2137,2146,2137,2933,5242,631,677,0,2648,4157,677,663,192,5967,59,866,0,4421,4205,4205,183
4,50,5120,52032,6144,21,21,53,0,446,946,958,968,53,1122,2145,2129,2145,3054,5465,949,885,0,2664,4450,885,740,440,5810,131,616,0,4691,5152,5152,929
4,51,5221,53042,6144,17,17,47,0,463,963,975,985,47,848,1718,1741,1718,2261,3927,771,789,0,2816,4536,789,770,348,6324,74,693,0,3981,4344,4344,737
4,52,5329,54053,6144,24,26,60,0,487,987,999,1009,60,1352,2500,2492,2499,3151,5794,896,992,0,3198,5454,992,1059,307,6159,90,542,0,5192,4853,4853,136
4,53,5417,55060,6144,17,21,44,0,504,1004,1016,1026,44,1050,1957,1886,1958,2200,3832,766,711,0,2573,4122,711,664,301,6563,150,796,0,3857,4262,4262,276
4,54,5512,56076,6144,21,16,47,0,525,1025,1037,1047,47,939,1804,1832,1803,2776,4774,754,833,0,2567,4376,833,805,341,6670,145,630,0,4524,4329,4329,229
4,55,5612,57099,6144,19,18,47,0,544,1044,1056,1066,47,702,1470,1595,1469,2123,3663,648,655,0,1939,3412,655,648,390,6868,97,701,0,3567,3200,3200,35
4,56,5720,58124,6144,22,22,69,0,566,1066,1078,1088,69,1225,2548,2536,2549,3262,5842,939,887,0,3028,5087,887,1005,321,6746,94,657,0,5268,5193,5193,141
4,57,5819,59147,6144,25,25,72,0,591,1091,1103,1113,72,1152,2416,2520,2416,2974,5209,930,1001,0,2947,5053,1001,923,345,7090,110,987,0,4920,4936,4936,42
4,58,5922,60165,6144,19,19,58,0,610,1110,1122,1132,58,1111,2295,2213,2296,2573,5032,1081,793,0,2656,4585,793,967,274,6931,131,741,0,4627,4766,4766,253
4,59,6020,61186,6144,15,16,42,0,625,1125,1136,1146,42,779,1615,1577,1615,2579,4546,908,761,0,2005,3641,761,740,347,6703,125,351,0,4344,4675,4675,1330
4,60,6142,62293,6144,5,7,29,10,630,1130,1142,1152,29,423,888,974,887,1944,2511,1292,1078,0,2219,4661,1078,1180,241,7290,69,757,0,4347,3825,3077,38
4,61,6234,63299,6144,22,19,52,0,652,1152,1164,1174,52,934,1949,1922,1949,2434,4208,787,695,0,2495,4144,695,786,303,7485,94,906,0,4076,4199,4199,93
4,62,6336,64308,6144,21,22,62,0,673,1173,1185,1195,62,1134,2271,2312,2271,2897,5366,771,1073,0,2714,4753,1073,792,370,7506,115,749,0,4900,4772,4772,121
4,63,6439,65320,6144,23,22,68,0,696,1196,1208,1218,68,1069,2409,2361,2409,3050,5554,1014,948,0,2910,4955,948,918,382,7439,117,606,0,5086,4923,4923,110
4,64,6539,66341,6144,21,24,84,0,717,1217,1229,1239,84,1158,2700,2754,2701,3501,6397,906,838,0,3282,5261,838,977,220,7333,78,464,0,5425,5181,5181,92
4,65,6632,67351,6144,23,20,66,0,740,1240,1252,1262,66,1019,2183,2273,2182,2585,4530,871,801,0,2594,4348,800,772,335,7634,139,800,0,4416,4402,4402,165
4,66,6732,68359,6144,20,21,62,0,760,1260,1272,1282,62,1189,2417,2367,2417,3161,5530,927,785,0,2938,4854,786,960,392,7664,107,798,0,5054,4821,4821,132
4,67,6836,69364,6144,19,18,52,0,779,1279,1291,1301,52,1124,2132,2112,2132,2725,5085,1012,914,0,2877,4931,914,964,259,7608,90,589,0,4831,4870,4870,90
4,68,6942,70394,6144,25,25,61,0,804,1304,1316,1326,61,1128,2255,2287,2254,2787,4926,828,813,0,2765,4675,812,923,166,7628,64,737,0,4607,4638,4638,73
4,69,7040,71402,6144,18,19,57,0,822,1322,1334,1344,57,1000,2042,2083,2042,2646,4599,700,915,0,2474,4229,916,670,296,7900,73,867,0,4442,4214,4214,59
4,70,7132,72419,6144,19,18,56,0,841,1341,1353,1363,56,1046,2151,2110,2151,3216,5422,659,714,0,2779,4252,714,582,423,7863,130,771,0,4749,4300,4300,126
4,71,7225,73436,6144,15,19,52,0,856,1356,1368,1378,52,1027,2037,2015,2038,2652,4893,700,657,0,2317,3806,657,672,328,7640,137,545,0,4189,4320,4320,648
4,72,7331,74449,6144,27,23,63,0,883,1383,1395,1405,63,1076,2197,2273,2196,2920,4885,1011,1049,0,3036,5222,1049,950,396,8060,138,853,0,5160,4693,4693,119
4,73,7409,75465,6144,9,10,31,0,892,1392,1404,1414,31,687,1270,1276,1270,1478,2889,526,613,0,1715,3120,613,637,65,8089,22,728,0,2771,3007,3007,6
4,74,7511,76469,6144,21,21,46,0,913,1413,1425,1435,46,951,1863,1825,1863,2464,4390,671,762,0,2156,3785,762,695,214,8023,126,627,0,4077,3909,3909,130
4,75,7614,77484,6144,24,23,72,0,937,1437,1449,1459,72,1250,2597,2618,2597,3198,5662,1117,1013,0,2939,5178,1013,1057,253,8213,149,781,0,5508,5273,5273,232
4,76,7710,78495,6144,27,27,69,0,964,1464,1476,1486,69,1267,2508,2578,2507,2893,5311,963,886,0,3232,5309,886,1009,372,8287,166,954,0,4897,5065,5065,0
4,77,7807,79504,6144,17,17,58,0,981,1481,1493,1503,58,1127,2246,2229,2246,3052,5529,907,875,0,2849,4763,874,874,249,8204,79,706,0,5013,5007,5007,249
4,78,7905,80510,6144,19,22,54,0,1000,1500,1511,1521,54,1028,2167,2054,2167,2664,5056,718,761,0,2613,4143,762,604,346,8069,119,370,0,4321,4286,4286,396
4,79,7990,81600,6144,0,0,0,0,1000,1500,1511,1521,0,0,0,0,0,943,945,1049,0,0,0,0,0,0,346,8067,119,368,0,1846,2299,1444,2044
4,80,8097,82625,6144,11,5,33,9,1011,1511,1523,1533,33,518,943,1145,942,894,1499,786,1112,0,2311,4840,1112,1097,439,8549,213,984,0,2931,2984,2946,150
8,0,98,1014,4736,12,12,76,0,1,13,25,35,76,923,2139,2367,2139,2932,4769,637,565,0,2374,3619,565,517,336,125,106,541,0,4334,3815,3815,196
8,1,214,2148,4864,15,15,45,1,1,28,40,50,45,885,1716,1740,1717,2756,4280,820,889,0,2760,4554,889,741,385,532,108,891,0,4637,4868,4868,676
8,2,323,3177,4864,18,18,40,0,1,46,58,68,40,885,1676,1645,1676,2511,4164,1207,1038,0,2799,5200,1037,1184,447,977,215,888,0,4865,4685,4685,215
8,3,429,4193,4864,23,24,64,0,1,69,81,91,64,1200,2433,2416,2433,3239,5703,904,844,0,3309,5410,845,1079,333,1081,104,844,0,5142,5229,5229,104
8,4,523,5202,4864,14,13,41,0,1,83,95,105,41,890,1637,1669,1637,2547,4262,649,765,0,2184,3716,765,618,220,1206,57,798,0,4141,3706,3706,94
8,5,624,6218,4992,21,21,61,0,1,104,116,126,61,1096,2278,2255,2278,2745,5217,913,674,0,2694,4245,674,704,499,1009,287,581,0,4492,4391,4391,290
8,6,725,7227,4992,14,16,49,0,1,118,130,140,49,945,1928,1876,1929,2859,4738,992,931,0,2654,4767,931,1019,341,1225,158,578,0,4962,4895,4895,418
8,7,823,8243,5120,20,19,54,0,1,138,150,160,54,990,2032,2016,2031,2632,4641,886,771,0,2783,4747,771,1016,260,1323,91,585,0,4449,4589,4589,260
8,8,928,9255,5120,27,21,66,0,1,165,177,187,66,1326,2637,2580,2636,3240,5856,908,886,0,3211,5176,886,891,289,1376,70,704,0,5207,5023,5023,107
8,9,1042,10265,5120,20,20,47,0,1,185,197,207,47,876,1805,1769,1805,2683,4617,787,700,0,2272,3740,700,633,387,1382,170,539,0,4350,3633,3633,0
8,10,1153,11326,5504,7,9,36,8,1,192,204,214,36,743,1417,1427,1417,2228,3163,1120,678,0,2315,4063,678,926,495,1896,117,1067,0,4204,5057,5039,974
8,11,1266,12421,5504,7,7,21,4,1,199,211,221,21,589,996,988,996,2482,3911,864,965,0,1968,3823,965,753,416,2230,134,677,0,4450,3669,3669,820
8,12,1361,13450,5504,31,29,65,0,1,230,242,252,65,1262,2550,2497,2549,2485,4662,879,1051,0,3424,5703,1051,1031,525,2734,151,996,0,4595,4777,4777,17
8,13,1461,14469,5504,21,20,60,0,1,251,263,273,60,1104,2197,2244,2197,2682,4901,859,862,0,2850,4733,862,843,379,2792,123,1022,0,4583,4818,4818,160
8,14,1555,15478,5504,15,18,53,0,1,266,278,288,53,1032,2054,2039,2055,2993,5417,745,778,0,2614,4344,778,788,443,2489,183,637,0,4696,4377,4377,193
8,15,1659,16491,5504,26,23,65,0,1,292,304,314,65,1107,2266,2342,2265,2930,5131,1048,942,0,3003,5110,942,987,432,2668,170,778,0,5080,5265,5265,348
8,16,1765,17505,5504,25,25,69,0,1,317,329,339,69,1235,2605,2546,2605,3329,5906,1032,898,0,3136,5214,898,1005,387,2724,138,747,0,5439,5147,5147,281
8,17,1870,18511,5632,18,22,66,0,1,335,347,357,66,1211,2526,2465,2526,2872,5442,820,979,0,3163,5261,979,941,328,2706,122,642,0,4851,4957,4957,4
8,18,1974,19522,5632,19,17,44,0,1,354,366,376,44,860,1688,1696,1689,2469,4042,801,856,0,2326,4079,856,735,310,3102,96,765,0,4286,4166,4166,97
8,19,2063,20531,5632,18,20,54,0,1,372,384,394,54,1009,2069,2035,2069,2349,4473,808,804,0,2462,4221,804,790,308,3011,86,675,0,4141,4449,4449,325
8,20,2146,21673,5632,5,1,14,5,1,377,389,399,14,58,132,324,131,1461,1817,797,159,0,397,656,158,66,316,3015,105,711,0,1957,2889,1494,1589
8,21,2291,22762,5632,10,9,26,6,1,387,399,409,26,603,1059,1097,1059,1950,2970,723,1480,0,1857,4382,1480,781,439,3296,154,809,0,4158,2824,2824,116
8,22,2396,23785,5632,9,10,24,0,1,396,408,418,24,660,1319,1116,1319,2147,3454,901,954,0,1979,4064,955,957,350,3574,107,618,0,4183,3995,3995,92
8,23,2492,24796,5632,12,12,46,0,1,408,420,430,46,653,1415,1527,1415,1808,3295,759,740,0,2002,3599,740,683,349,3806,157,658,0,3467,3588,3588,139
8,24,2597,25806,5632,14,17,42,0,1,422,434,444,42,938,1795,1736,1796,2814,4418,878,852,0,2301,4190,852,884,354,4057,174,790,0,4724,4905,4905,871
8,25,2709,26830,5632,24,20,44,0,1,446,458,468,44,1337,2178,2173,2178,3157,5548,1080,1260,0,3568,6165,1260,1144,295,4126,98,600,0,5591,5439,5439,189
8,26,2817,27844,5760,25,26,69,0,1,471,483,493,69,1210,2447,2521,2447,2970,5285,1030,861,0,3112,5022,861,872,454,4337,190,806,0,5041,5136,5136,341
8,27,2916,28850,5760,27,27,75,0,1,498,510,520,75,1293,2758,2718,2758,3210,6182,753,1058,0,3367,5488,1058,889,296,4167,68,552,0,5181,5226,5226,99
8,28,3017,29859,5760,26,27,77,0,24,524,536,546,77,1281,2732,2744,2731,3103,5543,840,1095,0,3396,5557,1095,887,419,4559,174,856,0,5218,5567,5567,112
8,29,3124,30879,5760,21,19,62,0,45,545,557,567,62,1236,2411,2414,2412,3051,5805,994,923,0,2950,4995,923,953,286,4169,147,516,0,4974,4966,4966,153
8,30,3231,31899,5760,21,21,66,0,66,566,578,588,66,1188,2490,2442,2490,3230,5602,1087,1165,0,3026,5422,1165,1051,315,4468,141,586,0,5662,5474,5474,205
8,31,3343,32916,5760,23,23,65,0,89,589,601,611,65,1191,2388,2426,2388,3035,5452,975,963,0,2955,5009,963,916,334,4432,113,596,0,5146,5015,5015,236
8,32,3450,33933,5760,21,21,57,0,110,610,622,632,57,972,2026,2055,2025,2484,4329,910,894,0,2756,4832,894,1002,225,4883,84,814,0,4441,4755,4755,164
8,33,3549,34939,5760,16,19,54,0,126,626,638,648,54,1108,2163,2134,2163,2617,4809,760,751,0,2690,4340,750,731,255,4827,67,756,0,4307,4305,4305,129
8,34,3643,35965,5888,34,31,67,0,160,660,672,682,67,1275,2466,2548,2465,2769,5198,764,697,0,2879,4515,698,755,256,4813,76,900,0,4386,4381,4381,39
8,35,3744,36983,5888,14,15,59,0,174,674,686,696,59,1188,2399,2309,2400,3368,5821,1001,839,0,2622,4514,839,888,352,4791,163,756,0,5379,4826,4826,363
8,36,3854,38012,5888,24,22,43,0,198,698,710,720,43,1031,1820,1848,1821,2799,4788,928,969,0,2935,5124,969,1034,306,4871,123,653,0,4876,4834,4834,77
8,37,3964,39027,5888,10,11,31,0,208,708,720,730,31,702,1350,1291,1351,2575,3978,1045,780,0,2253,3920,780,751,323,5208,137,639,0,4547,4677,4677,872
8,38,4056,40035,5888,15,12,32,0,223,723,735,745,32,749,1293,1357,1292,2314,3579,862,758,0,2270,4193,757,994,363,5571,115,731,0,4093,3700,3700,387
8,39,4158,41045,5888,24,24,63,0,247,747,759,769,63,1205,2395,2402,2396,3281,5689,892,915,0,3305,5490,916,1082,314,5583,123,725,0,5267,5205,5205,102
8,40,4246,42125,6016,3,4,1,0,250,750,760,770,1,38,98,57,98,1368,1847,1555,101,0,266,460,101,76,334,5365,179,383,0,2754,3746,2003,2044
8,41,4326,43218,6144,8,7,40,16,258,758,770,780,40,905,1377,1665,1377,998,998,838,1174,0,2337,4702,1174,954,296,6388,58,2047,0,2932,3355,2711,53
8,42,4427,44229,6144,27,28,44,0,285,785,797,807,44,853,2192,1689,2191,2608,5654,747,982,0,2591,4519,982,769,321,5871,161,691,0,4516,4515,4515,53
8,43,4525,45234,6144,25,24,65,0,310,810,822,832,65,1263,2471,2498,2471,3004,5551,1085,970,0,2938,4957,970,874,484,5694,251,642,0,5219,5157,5157,279
8,44,4626,46239,6144,21,22,65,0,331,831,843,853,65,1110,2347,2345,2347,2702,4842,860,918,0,2877,4986,917,1018,246,5971,159,847,0,4650,4743,4743,36
8,45,4731,47245,6144,16,15,47,0,347,847,859,869,47,1038,1951,1931,1951,3168,5256,1116,880,0,2630,4625,881,956,335,5858,164,691,0,5334,5154,5154,565
8,46,4836,48272,6144,25,25,67,0,372,872,884,894,67,1163,2309,2436,2308,2719,5020,845,989,0,3119,5280,989,980,292,6017,71,834,0,4733,4808,4808,93
8,47,4937,49281,6144,24,24,68,0,396,896,908,918,68,1186,2529,2478,2529,3103,5879,780,1015,0,2983,4989,1015,819,318,5995,117,536,0,5058,4942,4942,46
8,48,5052,50347,6144,14,15,58,0,410,910,922,932,58,1082,2156,2184,2157,3034,5179,1008,839,0,2946,4800,839,848,419,6262,224,648,0,4850,4737,4737,422
8,49,5152,51357,6144,24,24,50,0,434,934,946,956,50,1062,2076,2012,2077,2459,4562,896,882,0,2740,4754,882,945,313,6446,121,637,0,4346,4614,4614,343
8,50,5252,52372,6144,25,24,73,0,459,959,971,981,73,1161,2464,2548,2463,3044,5635,874,906,0,2842,4857,906,930,262,6314,79,594,0,4984,4538,4538,24
8,51,5348,53386,6144,16,16,51,0,475,975,987,997,51,948,1933,1917,1933,2326,4073,887,741,0,2433,4255,741,909,275,6577,115,764,0,4134,4330,4330,110
8,52,5451,54405,6144,24,24,61,0,499,999,1011,1021,61,1205,2334,2364,2334,3199,5486,992,897,0,2848,4807,897,894,361,6646,133,841,0,5268,4917,4917,220
8,53,5560,55460,6144,25,25,67,0,524,1024,1036,1046,67,1034,2252,2307,2251,3205,5709,910,959,0,3036,5190,959,1003,182,6725,86,691,0,5203,4835,4835,21
8,54,5663,56491,6144,7,10,45,0,531,1031,1043,1053,45,711,1693,1566,1693,2486,4376,805,740,0,2319,3909,740,694,284,6698,111,367,0,4191,3868,3868,0
8,55,5762,57504,6144,16,17,52,0,547,1047,1059,1069,52,977,1946,1965,1947,2255,4125,579,718,0,2458,4015,718,662,344,6759,73,461,0,3711,3922,3922,108
8,56,5861,58512,6144,31,27,80,0,578,1078,1090,1100,80,1220,2649,2740,2649,2890,5127,912,916,0,3121,5171,916,958,89,7265,43,975,0,4874,5109,5109,46
8,57,5959,59531,6144,18,21,59,0,596,1096,1108,1118,59,1179,2379,2300,2379,2956,5728,878,986,0,2768,4775,986,846,261,6841,96,503,0,4936,4735,4735,40
8,58,6054,60545,6144,21,18,55,0,617,1117,1129,1139,55,1088,2060,2133,2060,2071,3816,772,643,0,2360,3935,643,759,188,7073,75,891,0,3638,3980,3980,85
8,59,6161,61554,6144,8,11,19,0,625,1125,1136,1146,19,381,794,742,795,1971,3217,927,443,0,1120,1910,443,269,354,6851,132,387,0,3521,3244,3244,1429
8,60,6253,62581,6144,12,9,30,2,637,1137,1149,1159,30,563,1008,1133,1008,1514,1846,1041,1308,0,2180,4682,1308,958,199,7746,78,1188,0,4043,4424,3427,209
8,61,6356,63595,6144,20,22,54,0,657,1157,1168,1178,54,1043,2165,2069,2164,3296,5771,1019,1085,0,2983,5381,1085,1124,364,7546,95,785,0,5493,5138,5138,0
8,62,6459,64615,6144,26,24,69,0,683,1183,1195,1205,69,1168,2453,2479,2454,3202,5805,972,805,0,2885,4765,805,911,450,7269,181,680,0,5159,4921,4921,224
8,63,6558,65624,6144,16,21,55,0,699,1199,1211,1221,55,1123,2257,2168,2256,2692,4828,891,907,0,2857,4920,907,977,363,7684,132,712,0,4670,4746,4746,63
8,64,6660,66638,6144,23,21,66,0,722,1222,1234,1244,66,1127,2319,2381,2319,3092,5654,1218,923,0,2829,4938,923,1010,385,7400,202,531,0,5410,5088,5088,214
8,65,6754,67645,6144,18,17,45,0,740,1240,1252,1262,45,1083,1995,1938,1995,2080,3795,733,786,0,2632,4442,786,853,318,7740,142,754,0,3779,4273,4273,45
8,66,6857,68653,6144,26,24,63,0,766,1266,1278,1288,63,1133,2255,2330,2255,2925,5145,956,988,0,2870,4887,987,859,359,7856,114,864,0,5028,5171,5171,329
8,67,6951,69660,6144,18,19,43,0,784,1284,1296,1306,43,1099,1947,1916,1947,2823,5096,769,942,0,2634,4685,942,943,204,7606,74,507,0,4714,4581,4581,225
8,68,7056,70678,6144,22,25,51,0,806,1306,1318,1328,51,1131,2142,2100,2143,2407,4388,926,985,0,2731,4748,985,841,274,7897,138,641,0,4499,4705,4705,182
8,69,7159,71723,6144,23,19,60,0,829,1329,1341,1351,60,996,2081,2136,2081,2845,5147,980,822,0,2705,4642,823,949,267,7744,118,475,0,4813,4777,4777,317
8,70,7259,72737,6144,24,24,63,0,853,1353,1365,1375,63,1118,2278,2315,2278,2723,4774,856,855,0,2882,4856,855,937,275,8044,85,739,0,4614,4582,4582,55
8,71,7361,73740,6272,18,18,60,0,871,1371,1383,1393,60,1078,2206,2218,2206,2695,4920,766,825,0,2785,4545,825,761,268,7982,98,732,0,4446,4516,4516,26
8,72,7453,74749,6272,12,12,49,0,883,1383,1395,1405,49,827,1765,1758,1765,2505,4405,932,771,0,2521,4199,771,748,382,8053,88,674,0,4388,4492,4492,320
8,73,7632,75782,6272,18,11,31,0,901,1401,1413,1423,31,742,1426,1331,1426,2410,4003,639,725,0,1831,3433,725,713,283,8182,104,559,0,3888,3141,3141,68
8,74,7733,76786,6272,23,23,64,0,924,1424,1436,1446,64,1132,2335,2348,2335,2479,4575,1030,891,0,2636,4581,891,883,346,8352,164,810,0,4580,4614,4614,114
8,75,7840,77800,6272,21,21,53,0,945,1445,1457,1467,53,1197,2208,2204,2208,2470,4633,661,922,0,2733,4640,921,808,364,8545,120,902,0,4182,4651,4651,195
8,76,7950,78833,6272,23,22,68,0,968,1468,1480,1490,68,1151,2435,2443,2436,3199,5982,995,1029,0,3263,5461,1030,988,256,8478,105,664,0,4956,5152,5152,40
8,77,8049,79834,6272,24,22,57,0,992,1492,1504,1514,57,1170,2205,2253,2204,3253,5659,997,914,0,2734,4694,914,883,403,8447,116,551,0,5344,5118,5118,464
8,78,8173,80902,6272,8,12,26,0,1000,1500,1511,1521,26,501,1011,995,1011,2102,3285,1260,464,0,1559,2676,464,570,319,8336,147,363,0,4003,3802,3802,1600
8,79,8259,81951,6272,4,0,12,7,1004,1504,1516,1526,12,164,256,392,255,363,363,923,1040,0,1023,3091,1040,825,29,8804,9,755,0,2486,3006,1425,12
8,80,8364,83053,6272,7,7,25,1,1011,1511,1523,1533,25,729,1406,1204,1406,2193,3454,579,670,0,2484,3768,669,436,340,8933,105,793,0,3618,3744,3744,11
16,0,108,1073,4608,13,13,68,0,1,14,26,36,68,1222,2219,2514,2219,2420,4190,661,680,0,2605,4078,679,621,270,274,97,744,0,3940,4145,4145,67
16,1,211,2168,4864,17,18,52,0,1,31,43,53,52,828,1944,1816,1944,2983,5119,1104,803,0,2721,4655,804,969,374,307,146,468,0,4697,4824,4824,302
16,2,307,3181,4864,20,19,55,1,1,51,63,73,55,969,1927,2014,1927,2811,4526,998,1186,0,2742,5169,1186,1060,424,868,138,767,0,5175,5155,5155,288
16,3,408,4186,4864,16,19,60,0,1,67,79,89,60,1118,2350,2258,2351,2706,5122,731,729,0,2969,4522,729,662,336,826,118,609,0,4346,4584,4584,350
16,4,522,5195,4992,20,18,57,0,1,87,99,109,57,926,1931,2009,1930,3116,4847,894,1039,0,2836,4994,1039,939,406,1353,184,887,0,5229,4918,4918,274
16,5,626,6202,4992,21,20,58,0,1,108,120,130,58,1122,2194,2224,2194,2806,5049,829,906,0,2759,4629,905,792,424,1305,172,868,0,4700,4678,4678,323
16,6,723,7209,4992,17,18,42,0,1,125,137,147,42,908,1739,1706,1740,2606,4472,924,827,0,2386,4241,828,861,417,1318,138,708,0,4537,4189,4189,272
16,7,820,8217,5120,23,23,59,0,1,148,160,170,59,1103,2291,2224,2290,2753,5066,775,946,0,2806,4743,946,806,309,1439,129,619,0,4654,4542,4542,92
16,8,919,9228,5120,25,24,71,0,1,173,184,194,71,1233,2576,2582,2576,3456,6260,874,992,0,3574,5754,992,985,425,1575,168,726,0,5502,5661,5661,0
16,9,1036,10395,5120,12,14,40,0,1,185,197,207,40,853,1591,1613,1591,2745,4590,986,920,0,2403,4380,920,896,319,1540,126,494,0,4831,4539,4539,159
16,10,1149,11611,5248,14,12,45,0,1,199,211,221,45,586,1384,1441,1384,2655,4219,746,713,0,1994,3491,712,626,349,1690,94,492,0,4167,4210,4210,926
16,11,1263,12726,5248,19,19,42,0,1,218,230,240,42,950,1921,1748,1921,1986,3629,855,1049,0,2819,5031,1050,945,383,2347,183,800,0,4069,4381,4381,276
16,12,1365,13731,5248,19,21,61,0,1,237,249,259,61,1142,2371,2301,2372,3140,5412,1241,1049,0,3172,5484,1049,1099,593,2378,242,829,0,5590,5738,5738,530
16,13,1474,14742,5376,23,22,58,0,1,260,272,282,58,1166,2194,2268,2193,3206,5318,1108,1049,0,3191,5638,1049,1218,267,2785,130,985,0,5541,5254,5254,146
16,14,1576,15744,5376,18,17,48,0,1,278,290,300,48,895,1806,1807,1807,2593,4579,967,864,0,2380,4264,864,860,413,2689,205,806,0,4604,4686,4686,576
16,15,1692,16754,5504,17,25,51,0,1,295,307,317,51,1339,2519,2308,2518,3664,6262,1184,1145,0,3642,6357,1145,1380,243,2716,90,516,0,6173,5798,5798,17
16,16,1787,17768,5504,35,27,71,0,1,330,342,352,71,1214,2351,2563,2351,2879,5326,1014,917,0,2765,4772,917,922,282,2558,102,632,0,4990,4837,4837,108
16,17,1878,18775,5504,13,14,46,0,1,343,355,365,46,1007,1997,1881,1998,2499,4368,730,756,0,2797,4530,756,802,136,2866,34,644,0,4145,4571,4571,149
16,18,1973,19785,5504,21,21,56,0,1,364,376,386,56,933,1920,1997,1919,2429,4480,643,734,0,2381,3899,734,619,258,2934,96,590,0,3986,3994,3994,244
16,19,2078,20792,5504,11,9,32,0,1,375,387,397,32,511,1078,1119,1079,2482,3864,1124,481,0,1488,2589,481,519,236,2693,153,410,0,4233,3563,3563,1221
16,20,2179,21825,5504,5,4,20,4,1,380,392,402,20,281,612,661,611,1330,1933,1211,1312,0,1620,4293,1312,1097,31,3290,12,468,0,4033,3216,3034,5
16,21,2285,22839,5632,8,8,35,13,1,388,400,410,35,531,968,1196,968,771,1498,810,413,0,1389,2655,413,712,255,3067,104,937,0,2134,2674,2674,26
16,22,2396,23887,5760,8,7,27,4,1,396,408,418,27,671,1515,1184,1516,2960,4102,908,853,0,2613,4343,853,720,732,4099,192,1054,0,4884,4776,4776,511
16,23,2499,24899,5760,18,18,34,0,1,414,426,436,34,722,1375,1368,1374,2078,3626,777,910,0,2386,4431,910,941,282,4400,88,875,0,3925,3888,3888,112
16,24,2598,25922,5760,27,27,61,0,1,441,453,463,61,1182,2325,2341,2325,2880,5439,772,850,0,2803,4622,850,791,301,4358,131,657,0,4682,4598,4598,96
16,25,2704,26937,5888,18,18,62,0,1,459,471,481,62,1185,2266,2363,2267,2663,4587,983,871,0,2819,4860,871,997,297,4687,70,1096,0,4696,4904,4904,140
16,26,2800,27945,5888,22,23,53,0,1,481,493,503,53,1316,2447,2323,2446,2894,5402,662,832,0,2798,4540,832,732,328,4583,98,910,0,4568,4428,4428,28
16,27,2898,28955,5888,25,25,71,0,6,506,518,528,71,1211,2634,2560,2634,3067,5640,930,783,0,3163,4919,783,804,400,4690,126,898,0,4940,5024,5024,133
16,28,2994,29987,5888,25,24,79,0,31,531,543,553,79,1309,2668,2810,2668,3456,6268,968,950,0,3104,5332,950,1094,373,4617,120,960,0,5327,5114,5114,16
16,29,3091,31002,5888,23,23,61,0,54,554,566,576,61,1143,2271,2302,2271,3068,5650,885,979,0,2701,4646,979,795,293,4565,106,680,0,4992,4898,4898,296
16,30,3193,32018,5888,22,22,59,0,76,576,588,598,59,1259,2445,2380,2446,2635,4841,850,950,0,3191,5190,950,870,383,4858,107,854,0,4614,5061,5061,216
16,31,3293,33025,5888,22,24,68,0,98,598,610,620,68,1116,2405,2408,2404,2944,5748,867,938,0,2760,4753,937,883,283,4499,127,458,0,4908,4711,4711,187
16,32,3395,34034,5888,15,13,52,0,113,613,625,635,52,1004,1947,1992,1947,2394,4156,1045,911,0,2412,4483,912,987,332,4751,110,688,0,4531,4448,4448,169
16,33,3501,35050,5888,25,25,53,0,138,638,650,660,53,1095,2141,2102,2142,2661,4905,698,801,0,2584,4346,801,786,311,4683,114,546,0,4112,4456,4456,297
16,34,3600,36058,5888,24,27,66,0,162,662,674,684,66,1292,2474,2546,2474,2772,4991,981,947,0,2996,5081,947,965,427,4841,162,873,0,4870,4908,4908,128
16,35,3691,37081,5888,24,21,60,0,186,686,698,708,60,1130,2216,2270,2216,2534,4885,914,916,0,2690,4600,917,819,338,4870,80,792,0,4525,4684,4684,245
16,36,3789,38093,5888,15,16,51,0,201,701,713,723,51,958,1991,1927,1992,2670,4693,745,601,0,2569,4107,601,763,284,4933,91,696,0,4196,3979,3979,127
16,37,3990,39262,5888,19,18,44,0,220,720,732,742,44,806,1638,1642,1637,2451,4130,969,810,0,2028,3756,810,768,246,5062,124,659,0,4410,3521,3521,39
16,38,4091,40309,5888,16,17,56,6,236,736,748,758,56,1046,2152,2110,2152,2903,5045,986,792,0,2586,4407,792,868,293,5054,99,627,0,4440,4510,4510,142
16,39,4195,41314,5888,12,14,42,0,248,748,760,770,42,764,1558,1562,1558,2935,4752,1016,788,0,2447,4082,788,672,307,5116,136,372,0,4919,3962,3962,22
16,40,4301,42383,5888,12,9,23,9,260,760,772,782,23,333,608,770,608,1628,1915,1013,805,0,1174,3096,804,922,309,5700,97,855,0,3405,2991,2991,5
16,41,4395,43399,5888,11,20,45,0,271,771,783,793,45,895,1987,1750,1987,2466,4467,825,849,0,2540,4343,850,783,244,5657,75,604,0,4301,4352,4352,14
16,42,4487,44404,6016,27,19,74,0,298,798,810,820,74,1155,2383,2561,2383,2953,5018,842,887,0,2580,4448,887,809,358,6048,96,1100,0,4862,4513,4513,79
16,43,4579,45409,6016,20,19,56,0,318,818,830,840,56,1152,2227,2216,2227,3133,5418,802,974,0,2866,4875,974,868,305,5921,135,1031,0,5089,4970,4970,174
16,44,4677,46419,6016,18,20,59,0,336,836,848,858,59,1147,2285,2268,2285,2818,5657,897,882,0,2843,4747,882,839,317,5606,82,501,0,4758,4678,4678,105
16,45,4777,47456,6016,24,22,68,0,360,860,872,882,68,1039,2235,2331,2235,3011,5156,676,833,0,2714,4417,833,696,337,5764,92,687,0,4641,4433,4433,135
16,46,4877,48467,6016,16,17,51,0,376,876,888,898,51,1123,2158,2092,2158,3175,5270,944,818,0,2721,4553,818,852,259,5828,115,684,0,5117,4720,4720,339
16,47,4979,49469,6016,22,23,60,0,398,898,910,920,60,1205,2319,2345,2319,2698,5159,834,997,0,2976,5105,997,952,270,5831,82,568,0,4689,4836,4836,90
16,48,5077,50487,6016,24,22,50,0,422,922,934,944,50,1137,2053,2087,2053,2685,4547,952,849,0,2605,4500,849,869,226,6190,70,793,0,4665,4530,4530,120
16,49,5182,51509,6016,25,24,60,0,447,947,958,968,60,1274,2439,2414,2439,3011,5250,1000,1036,0,2911,5147,1036,1020,579,6389,192,1014,0,5211,5023,5023,3
16,50,5291,52526,6016,16,16,51,0,463,963,975,985,51,855,1792,1824,1793,2792,4982,947,826,0,2438,4276,826,868,362,6227,128,667,0,4725,4661,4661,444
16,51,5389,53530,6016,23,23,52,0,486,986,998,1008,52,1095,2147,2083,2148,2573,4671,847,986,0,2898,4990,986,911,165,6469,51,678,0,4566,4712,4712,176
16,52,5492,54543,6016,18,20,61,0,504,1004,1014,1024,62,1130,2317,2300,2317,3024,5523,932,840,0,2885,4748,840,849,350,6465,136,478,0,4976,4805,4805,272
16,53,5601,55559,6016,10,10,34,0,514,1014,1026,1036,33,824,1447,1459,1446,2817,4001,828,910,0,2458,4329,910,829,286,6707,108,754,0,4735,4931,4931,964
16,54,5718,56579,6144,13,15,28,0,527,1027,1039,1049,28,692,1239,1224,1239,2389,3828,1298,1004,0,2469,4285,1003,663,611,7363,219,539,0,4836,4542,4542,1223
16,55,5820,57594,6144,28,24,49,0,555,1055,1067,1077,49,1300,2220,2231,2220,2544,4518,882,998,0,3101,5686,999,1365,356,7981,127,796,0,4605,4590,4590,150
16,56,5920,58626,6144,32,32,61,0,587,1087,1095,1105,61,1216,2449,2375,2449,2773,5355,967,926,0,2993,5019,926,921,367,7774,135,589,0,4824,4890,4890,21
16,57,6021,59634,6144,18,19,65,0,605,1105,1117,1127,65,1170,2368,2405,2368,2495,4816,948,1081,0,2805,5135,1080,1083,279,7910,105,673,0,4703,5189,5189,74
16,58,6118,60643,6144,20,20,56,0,625,1125,1137,1147,56,965,2006,2029,2006,2691,4698,968,719,0,2615,4346,719,839,277,7884,100,724,0,4553,4378,4378,107
16,59,6228,61753,6144,9,6,18,6,634,1134,1146,1156,18,145,304,487,304,1811,2530,897,931,0,1278,2723,931,323,382,8033,139,679,0,3602,2694,2694,460
16,60,6337,62759,6144,12,12,45,0,646,1146,1158,1168,45,794,1832,1649,1832,2539,4147,739,907,0,2474,4668,907,1114,412,8449,157,718,0,4365,4609,4609,401
16,61,6440,63767,6144,22,22,71,0,668,1168,1180,1190,71,1125,2385,2474,2384,2990,5360,869,1113,0,2811,5089,1113,984,176,8695,42,824,0,5132,4727,4727,39
16,62,6537,64788,6144,24,24,60,0,692,1192,1204,1214,60,1092,2170,2232,2170,2983,5430,740,695,0,2469,3912,695,585,398,8494,187,615,0,4598,4547,4547,674
16,63,6644,65823,6144,19,19,56,0,711,1211,1223,1233,56,1249,2314,2313,2313,2984,5299,943,863,0,3080,5145,863,1011,325,8565,96,615,0,4970,4857,4857,394
16,64,6751,66850,6144,22,24,64,0,733,1233,1245,1255,64,1045,2204,2261,2203,2536,4570,943,766,0,2933,4775,766,908,376,8781,110,842,0,4424,4687,4687,306
16,65,6841,67897,6144,22,24,59,0,755,1255,1267,1277,59,1131,2327,2252,2327,2507,4908,738,770,0,2989,4766,770,818,223,8872,56,717,0,4030,4505,4505,185
16,66,6941,68906,6144,26,22,59,0,781,1281,1293,1303,59,1259,2331,2380,2331,2860,5159,793,822,0,2792,4588,822,802,230,8833,79,798,0,4635,4516,4516,113
16,67,7045,69925,6144,19,22,51,0,800,1300,1306,1316,51,1046,2140,2015,2140,2655,4756,783,811,0,2503,4169,810,686,328,9009,103,712,0,4428,4375,4375,320
16,68,7158,70941,6144,17,14,43,0,817,1317,1329,1339,43,1039,1853,1856,1853,3038,5095,1192,1167,0,3308,5832,1167,1178,389,9054,125,625,0,5577,5677,5677,254
16,69,7264,71959,6144,21,21,55,0,838,1338,1350,1360,55,1075,2156,2120,2156,2711,4814,703,771,0,2829,4560,771,780,305,9135,103,642,0,4365,4561,4561,255
16,70,7373,72960,6144,21,21,63,0,859,1359,1371,1381,63,1074,2215,2271,2215,3238,5573,881,1090,0,3027,5107,1090,824,387,9284,145,578,0,5389,5167,5167,315
16,71,7479,73968,6144,19,19,58,0,878,1378,1390,1400,58,923,2011,2025,2011,3483,5540,1092,731,0,2870,4720,732,958,448,9269,179,765,0,5505,6183,6183,1778
16,72,7593,75184,6400,13,13,36,2,891,1391,1403,1413,36,910,1715,1594,1714,2440,3818,1161,1221,0,3429,5972,1220,1128,312,10229,141,981,0,4950,4524,4395,201
16,73,7693,76190,6400,22,23,50,0,913,1413,1425,1435,50,997,2065,1947,2065,2637,4859,859,836,0,2506,4430,837,906,343,10160,140,706,0,4513,4445,4445,216
16,74,7808,77224,6400,30,29,83,0,943,1443,1455,1465,83,1322,2793,2899,2793,3589,5955,913,989,0,3289,5469,989,1008,390,10425,147,1247,0,5671,5276,5276,23
16,75,7900,78248,6400,21,21,59,0,964,1464,1476,1486,59,1152,2332,2273,2332,2824,5733,871,729,0,2916,4651,729,843,273,9933,53,611,0,4497,4807,4807,230
16,76,8005,79267,6400,15,16,50,0,979,1479,1491,1501,50,1032,2018,1982,2019,2995,5260,833,792,0,2570,4376,792,850,165,9860,65,437,0,4649,4528,4528,390
16,77,8099,80273,6400,21,21,45,0,1000,1500,1511,1521,45,1021,1877,1876,1877,2354,4224,749,709,0,2348,3815,709,598,189,9901,68,443,0,3982,4016,4016,591
16,78,8183,81352,6400,1,0,13,10,1001,1501,1513,1523,13,47,113,294,112,993,993,596,393,0,553,1031,392,4,299,10186,117,737,0,2060,2111,1593,1240
16,79,8273,82380,6400,3,3,29,15,1004,1504,1516,1526,29,548,858,1099,858,916,916,422,833,0,1425,3336,834,810,317,10887,62,1836,0,2332,2215,2215,199
14,0,109,1021,4736,12,12,63,0,1,13,25,35,63,1040,2031,2237,2032,2571,4159,658,618,0,2115,3466,618,578,355,202,108,649,0,4026,3701,3701,235
14,1,205,2030,4864,18,18,53,0,1,31,43,53,53,901,1767,1908,1767,2902,4834,833,679,0,2574,4227,679,800,287,275,83,666,0,4541,4069,4069,81
14,2,298,3056,4864,14,14,39,0,1,45,57,67,39,731,1459,1472,1460,1909,3287,643,679,0,1966,3369,679,569,461,409,270,786,0,3411,3769,3769,544
14,3,399,4064,4864,26,26,60,0,1,71,83,93,60,1286,2491,2426,2490,3002,5637,941,998,0,3213,5477,998,1084,180,390,58,577,0,5101,4971,4971,45
14,4,495,5083,4864,12,12,45,0,1,83,95,105,45,888,1747,1743,1747,2407,3967,693,718,0,2414,3979,718,677,256,704,75,760,0,3998,4101,4101,172
14,5,597,6099,4864,24,24,68,0,1,107,119,129,68,1040,2274,2332,2275,2904,5273,764,696,0,2748,4295,696,683,452,735,128,723,0,4544,4441,4441,318
14,6,697,7107,4992,16,16,53,0,1,123,135,145,53,960,2041,1967,2041,2874,4950,748,803,0,2742,4403,803,692,205,750,89,614,0,4562,4368,4368,283
14,7,799,8117,4992,24,24,54,0,1,147,159,169,54,1056,2027,2082,2026,3162,5168,880,890,0,2921,4948,889,946,163,958,91,748,0,5131,4708,4708,73
14,8,909,9165,4992,18,22,67,0,1,165,177,187,67,1234,2560,2507,2559,3192,5946,1025,785,0,3070,4975,786,946,279,867,103,518,0,5078,5015,5015,171
14,9,1009,10177,5120,19,15,50,0,1,184,196,206,50,951,1821,1901,1821,2490,4238,772,838,0,2358,4198,837,823,117,1150,49,671,0,4279,4112,4112,99
14,10,1123,11193,5120,10,11,37,3,1,194,206,216,37,713,1479,1416,1480,2274,3769,754,712,0,2405,3997,713,727,403,1434,93,594,0,3911,4208,4208,313
14,11,1211,12204,5248,11,8,25,10,1,205,217,227,25,535,998,1010,998,1239,2420,510,599,0,1720,2975,599,500,280,1718,89,611,0,2498,2707,2707,87
14,12,1310,13226,5248,22,25,66,0,1,227,239,249,66,1092,2355,2346,2355,2660,4795,770,729,0,2978,4690,729,808,330,1980,60,824,0,4339,4687,4687,84
14,13,1408,14238,5248,18,16,59,0,1,245,257,267,59,989,2076,2110,2076,3098,5205,909,783,0,2449,4098,783,716,329,1971,123,823,0,4970,4694,4694,680
14,14,1515,15250,5376,20,18,42,0,1,265,277,287,42,1143,2003,1941,2002,2666,4953,989,1087,0,3167,5483,1087,1032,251,1946,111,478,0,4902,4869,4869,96
14,15,1616,16260,5376,22,22,53,0,1,287,299,309,53,1154,2192,2161,2192,2802,4723,831,838,0,2850,4729,838,866,227,2179,81,718,0,4651,4456,4456,0
14,16,1718,17272,5376,26,26,60,0,1,313,325,335,60,1266,2379,2406,2379,2779,5164,961,852,0,2773,4737,852,941,178,2187,70,738,0,4752,4737,4737,0
14,17,1819,18283,5376,26,27,69,0,1,339,351,361,69,1191,2465,2502,2465,2904,5397,1029,1021,0,2823,5013,1021,998,290,2318,126,748,0,5134,5092,5092,102
14,18,1912,19310,5376,15,16,42,0,1,354,366,376,42,883,1742,1681,1743,2506,4390,693,725,0,2164,3809,725,745,167,2377,77,545,0,4084,3783,3783,116
14,19,2010,20321,5504,21,20,58,0,1,375,384,394,58,976,2116,2078,2116,2764,4906,926,676,0,2664,4335,676,835,285,2389,112,482,0,4545,4592,4592,374
14,20,2126,21390,5632,2,5,23,8,1,377,389,399,23,349,686,786,685,1792,2448,1131,1012,0,1783,3492,1012,509,342,2613,116,612,0,3996,3094,2909,60
14,21,2234,22534,5632,7,4,23,7,1,384,396,406,23,348,753,785,753,1545,2377,399,498,0,1038,2360,498,666,381,2748,114,711,0,2253,1916,1916,3
14,22,2329,23559,5632,12,10,27,0,1,396,408,418,27,541,1081,1054,1080,2051,3271,800,801,0,1776,3392,801,634,421,3071,121,739,0,3825,3240,3240,0
14,23,2432,24598,5632,9,13,25,0,1,405,417,427,25,532,1018,1007,1018,1832,3130,756,662,0,1618,3002,661,587,372,3208,116,447,0,3429,3921,3921,919
14,24,2533,25605,5632,25,21,55,0,1,430,442,452,55,1181,2209,2226,2209,2855,4769,915,948,0,3254,5542,949,1133,168,3594,40,759,0,4879,4776,4776,153
14,25,2633,26614,5760,20,20,81,0,1,450,462,472,81,1155,2542,2694,2542,3433,6092,745,821,0,2956,4631,821,680,519,3529,183,795,0,5179,4700,4700,222
14,26,2738,27623,5760,23,24,69,0,1,473,485,495,69,1202,2495,2513,2496,2774,5385,1071,1010,0,3097,5280,1010,1005,407,3636,138,697,0,5035,5367,5367,309
14,27,2835,28631,5760,25,24,70,0,1,498,510,520,70,1331,2711,2661,2710,3394,5721,762,873,0,3568,5531,873,906,370,3983,143,1031,0,5189,5255,5255,33
14,28,2938,29639,5760,25,27,73,0,23,523,535,545,73,1214,2570,2601,2570,3333,6168,1130,902,0,3367,5522,902,1084,317,3937,97,797,0,5545,5689,5689,200
14,29,3053,30665,5760,19,18,58,0,42,542,554,564,58,1320,2478,2422,2478,2924,5327,1198,932,0,3169,5408,932,1129,238,3847,105,816,0,5231,5343,5343,135
14,30,3157,31675,5760,24,23,55,0,66,566,578,588,55,1139,2167,2184,2168,2897,5134,1019,863,0,2786,4867,863,1047,324,3935,106,763,0,4959,4916,4916,221
14,31,3252,32697,5760,25,25,67,0,91,591,603,613,67,1224,2457,2497,2457,3113,5530,853,919,0,3287,5245,919,861,330,4063,70,843,0,5015,5237,5237,241
14,32,3349,33712,5760,19,19,55,0,110,610,622,632,55,987,2070,2032,2070,2781,4883,621,844,0,2601,4274,844,654,184,4137,54,773,0,4426,4155,4155,122
14,33,3449,34718,5760,16,20,58,0,126,626,638,648,58,1144,2343,2246,2342,2712,5235,751,749,0,2748,4379,749,703,230,3934,79,496,0,4392,4269,4269,18
14,34,3539,35732,5760,26,24,61,0,152,652,664,674,61,1240,2376,2399,2376,2596,4816,956,838,0,2531,4569,838,1022,235,4098,91,675,0,4570,4559,4559,19
14,35,3632,36746,5760,28,26,65,0,180,680,692,702,65,1224,2354,2459,2354,2810,5212,844,848,0,2944,4742,848,773,425,4047,111,803,0,4683,4910,4910,190
14,36,3734,37800,5760,17,18,58,0,197,697,709,719,58,941,1979,2043,1979,2610,4661,833,721,0,2457,4084,721,742,289,4167,137,796,0,4330,4092,4092,211
14,37,3834,38809,5760,14,13,44,0,211,711,723,733,44,888,1765,1724,1764,2449,4321,809,946,0,2360,4248,946,765,285,4345,134,648,0,4364,4147,4147,144
14,38,3944,39818,5760,13,13,35,0,224,724,736,746,35,659,1282,1324,1283,1550,2844,503,576,0,1874,3203,576,603,363,4467,175,678,0,2789,3214,3214,162
14,39,4051,40829,5760,23,23,66,0,247,747,759,769,66,1122,2458,2376,2458,3336,5503,1240,1022,0,3166,5520,1022,1151,370,4785,123,886,0,5778,5569,5569,251
14,40,4171,41835,6016,4,4,27,9,251,751,763,773,27,337,697,850,696,2052,3048,866,709,0,1778,3007,709,384,421,4733,142,743,0,3807,3229,2757,1
14,41,4295,43018,6016,19,19,47,0,270,770,782,792,47,662,1524,1555,1524,2435,4172,1082,923,0,2547,4806,923,1143,609,4983,230,641,0,3908,4228,4228,78
14,42,4395,44029,6016,12,15,60,0,282,782,794,804,60,968,2050,2108,2050,3106,5116,924,931,0,2415,4433,930,915,396,5148,191,739,0,4821,4475,4475,174
14,43,4498,45034,6016,25,23,60,0,307,807,819,829,60,1202,2291,2342,2292,2795,4951,820,894,0,2649,4661,895,944,368,5224,151,925,0,4670,4791,4791,304
14,44,4598,46038,6016,23,22,56,0,330,830,842,852,56,1135,2213,2199,2213,2887,5471,839,843,0,2857,4713,843,835,168,4893,55,538,0,4749,4641,4641,232
14,45,4700,47041,6016,18,18,62,0,348,848,860,870,62,1148,2283,2326,2282,2907,4986,827,927,0,3109,5047,927,840,316,5335,120,787,0,4841,4920,4920,107
14,46,4799,48048,6016,24,24,63,0,372,872,884,894,63,1090,2329,2287,2329,3124,5268,921,960,0,2751,4835,960,953,157,5641,44,930,0,5165,4823,4823,95
14,47,4902,49067,6016,15,15,57,0,387,887,899,909,57,1174,2277,2257,2277,2744,5294,932,999,0,2999,5099,999,921,409,5443,168,702,0,4816,5073,5073,69
14,48,4998,50079,6016,23,23,62,0,410,910,922,932,62,1147,2315,2325,2315,2944,5433,907,945,0,2839,4793,945,836,255,5424,90,538,0,4807,4847,4847,148
14,49,5099,51098,6016,24,25,62,0,434,934,946,956,62,1083,2265,2261,2265,2644,4935,566,717,0,2555,4088,717,643,309,5502,68,508,0,4107,3961,3961,62
14,50,5198,52111,6016,22,21,56,0,456,956,968,978,56,1088,2095,2152,2095,3159,5092,910,861,0,2727,4525,860,773,343,5933,145,802,0,5089,4997,4997,535
14,51,5299,53138,6016,18,18,50,0,474,974,985,995,50,996,1949,1946,1949,2526,4413,688,929,0,2768,4709,930,821,407,6063,149,861,0,4324,4171,4171,8
14,52,5403,54147,6016,24,24,58,0,498,998,1010,1020,58,1178,2382,2280,2383,3334,5674,924,989,0,2730,4810,989,922,309,6175,86,820,0,5360,4944,4944,165
14,53,5500,55158,6016,16,16,58,0,514,1014,1026,1036,58,1024,2037,2126,2037,2867,4792,751,793,0,2540,4228,793,722,284,6287,73,1021,0,4485,4123,4123,107
14,54,5608,56211,6016,20,21,43,0,534,1034,1046,1056,43,867,1683,1684,1682,2350,4400,708,813,0,2395,4066,812,677,257,6200,89,657,0,3937,3936,3936,29
14,55,5711,57224,6016,18,17,51,0,552,1052,1064,1074,51,863,1766,1832,1766,1938,3509,717,654,0,2114,3605,655,671,452,6458,106,918,0,3470,3659,3659,83
14,56,5812,58233,6016,22,22,57,0,574,1074,1086,1096,57,1238,2365,2321,2365,2884,5287,802,811,0,2758,4535,811,794,434,6484,146,836,0,4676,4680,4680,228
14,57,5913,59245,6016,22,22,58,0,596,1096,1108,1118,58,1159,2213,2261,2214,2572,4610,999,1021,0,2712,4867,1021,961,349,6690,153,1059,0,4772,4774,4774,141
14,58,6012,60251,6016,21,22,51,0,617,1117,1129,1139,51,1131,2265,2100,2264,2835,5408,846,864,0,2700,4732,864,988,236,6493,77,586,0,4723,4604,4604,13
14,59,6115,61278,6016,12,11,34,1,629,1129,1141,1151,34,447,975,1093,976,1495,2480,982,407,0,1244,2094,407,360,297,6511,186,694,0,3059,3408,3310,1332
14,60,6245,62328,6016,12,12,32,0,641,1141,1153,1163,32,516,1014,1124,1014,2673,3672,1117,1333,0,2268,5163,1333,1296,302,6892,94,899,0,5100,3742,3742,0
14,61,6340,63342,6016,12,16,49,0,653,1153,1165,1175,49,887,1925,1818,1925,2415,4505,701,781,0,2485,4142,780,709,235,6907,81,627,0,4076,4241,4241,145
14,62,6448,64347,6016,30,26,58,0,683,1183,1185,1195,58,1261,2407,2363,2407,3034,5333,791,922,0,2954,4929,923,867,275,7114,68,691,0,4928,4784,4784,0
14,63,6551,65361,6016,18,19,52,0,701,1201,1213,1223,52,1092,2179,2080,2179,2541,4668,891,817,0,2611,4381,816,787,279,7181,125,834,0,4408,4511,4511,130
14,64,6652,66382,6016,27,25,69,0,728,1228,1240,1250,69,1128,2323,2439,2324,2861,5423,957,975,0,2995,5160,976,1011,339,7147,98,754,0,4934,5014,5014,118
14,65,6759,67389,6016,12,13,47,0,740,1240,1252,1262,47,887,1831,1780,1832,3394,4881,1015,745,0,2853,4588,745,841,373,7519,158,1061,0,5325,5180,5180,716
14,66,6868,68416,6016,23,22,47,0,763,1263,1275,1285,47,1303,2214,2196,2214,3448,6116,931,1102,0,3507,5888,1102,1091,392,7217,117,589,0,5660,5457,5457,285
14,67,6974,69432,6016,19,23,56,0,782,1282,1294,1304,56,1121,2257,2185,2257,2854,5167,1024,1057,0,3056,5254,1057,963,314,7164,116,461,0,5115,5049,5049,218
14,68,7074,70442,6016,24,20,55,0,806,1306,1318,1328,55,1178,2099,2223,2098,2432,4232,955,1007,0,2765,4861,1007,908,351,7593,147,884,0,4574,4716,4716,73
14,69,7173,71476,6016,16,19,46,0,822,1322,1334,1344,46,991,1976,1865,1976,2586,4811,646,760,0,2487,4180,759,754,231,7377,62,524,0,4151,4258,4258,151
14,70,7274,72488,6016,24,25,69,0,846,1346,1358,1368,69,1090,2326,2401,2326,2802,5017,739,814,0,2813,4589,815,783,238,7649,124,710,0,4535,4527,4527,102
14,71,7385,73504,6016,23,19,52,0,869,1369,1381,1391,52,1064,2048,2052,2048,2825,4521,913,890,0,2961,4826,890,805,396,8030,138,1066,0,4793,4739,4739,19
14,72,7480,74515,6016,14,14,43,0,883,1383,1395,1405,43,838,1629,1655,1630,2455,4605,770,663,0,2377,3915,663,718,177,7666,75,569,0,4068,4399,4399,503
14,73,7567,75522,6016,8,12,28,0,891,1391,1403,1413,28,778,1466,1310,1465,2037,3401,621,733,0,1894,3502,733,705,291,7898,80,517,0,3341,3081,3081,91
14,74,7668,76536,6016,32,28,66,0,923,1423,1435,1445,66,1123,2235,2377,2236,2665,4811,761,790,0,2657,4327,790,710,293,7906,100,748,0,4396,4418,4418,184
14,75,7763,77542,6016,19,21,58,0,942,1442,1454,1464,58,1166,2306,2268,2306,2977,5422,916,955,0,2596,4544,955,824,272,7990,133,628,0,4984,4640,4640,282
14,76,7865,78562,6016,26,24,68,0,968,1468,1480,1490,68,1288,2529,2580,2530,3632,6233,1039,1096,0,3146,5533,1096,1107,359,7900,94,607,0,5927,5280,5280,118
14,77,7963,79575,6016,16,21,55,0,984,1484,1496,1506,55,1179,2307,2224,2306,2747,4822,914,902,0,2802,4829,902,956,298,8218,115,756,0,4743,4767,4767,73
14,78,8055,80576,6016,16,12,29,0,1000,1500,1506,1516,29,602,1169,1153,1170,2263,3861,861,466,0,1514,2533,466,454,278,7841,95,311,0,3770,3698,3698,1262
14,79,8139,81671,6016,4,3,19,8,1004,1504,1516,1526,19,176,286,537,285,352,352,786,1032,0,1204,3265,1032,796,35,8230,12,848,0,2194,2429,1840,4
14,80,8220,82690,6272,2,2,34,22,1006,1506,1518,1528,34,392,565,1038,565,2460,3274,510,196,0,667,1125,196,158,265,8156,136,1170,0,3346,2681,2681,1560
6,0,111,1017,4736,12,12,64,0,1,13,25,35,64,816,1810,2032,1810,2536,3794,537,559,0,1964,3191,559,520,236,439,84,774,0,3832,3191,3191,0
6,1,211,2064,4992,13,13,45,0,1,26,38,48,46,840,1686,1696,1687,2145,3913,881,593,0,2316,3719,593,682,188,304,93,701,0,3799,4691,4691,1047
6,2,306,3076,4992,9,10,36,2,1,35,47,57,35,830,1588,1513,1588,2231,3766,855,919,0,2496,4522,919,905,336,848,112,680,0,4164,3919,3919,444
6,3,411,4092,4992,31,30,80,0,1,66,78,88,80,1342,2768,2862,2767,3567,6363,841,805,0,3611,5529,805,930,371,710,97,746,0,5393,5118,5118,33
6,4,515,5097,5120,17,17,40,0,1,83,95,105,40,901,1681,1661,1682,3006,4808,829,863,0,2633,4344,863,684,356,904,113,605,0,4858,4615,4615,317
6,5,608,6105,5120,20,20,60,0,1,103,115,125,60,1055,2147,2195,2146,2461,4463,743,709,0,2692,4390,709,808,185,1050,88,798,0,4093,4109,4109,36
6,6,729,7154,5120,17,19,59,0,1,120,132,142,59,1074,2265,2195,2265,3121,5149,1212,975,0,3048,5270,975,1083,415,1413,247,965,0,5482,5428,5428,194
6,7,831,8180,5120,18,17,47,0,1,138,150,160,47,962,1875,1855,1875,2554,4755,723,803,0,2641,4419,803,793,457,1150,133,619,0,4260,4231,4231,83
6,8,931,9192,5248,22,21,71,0,1,160,172,182,71,1261,2519,2610,2520,2936,5345,904,895,0,3011,4925,895,847,380,1264,143,820,0,4915,5056,5056,245
6,9,1030,10232,5248,24,24,58,0,1,184,195,205,58,946,2082,2048,2082,2497,4843,779,874,0,2689,4614,874,879,277,1256,117,586,0,4283,4538,4538,179
6,10,1135,11239,5248,14,14,44,0,1,198,209,219,44,726,1527,1562,1527,1972,3411,796,762,0,2268,3943,762,734,228,1663,74,709,0,3690,3764,3764,0
6,11,1211,12247,5248,12,12,32,0,1,210,222,232,32,565,1116,1173,1116,1815,3192,522,738,0,1641,3042,738,520,173,1721,43,505,0,3215,3083,3083,41
6,12,1306,13252,5248,14,14,59,0,1,224,236,246,59,983,2094,2104,2095,2500,4059,784,625,0,2492,4031,625,743,398,2040,130,1050,0,4089,4269,4269,279
6,13,1416,14262,5248,18,19,52,0,1,242,254,264,52,1178,2250,2166,2250,3001,5605,830,960,0,2852,4882,960,892,308,1909,139,612,0,4938,4592,4592,17
6,14,1524,15268,5376,22,21,64,0,1,264,276,286,64,944,2106,2160,2105,3245,5461,922,878,0,3035,4964,877,884,410,2088,129,683,0,5244,5212,5212,265
6,15,1623,16317,5504,23,23,60,0,1,287,299,309,60,1078,2206,2218,2206,3361,5505,873,797,0,2980,4679,798,723,538,2195,160,757,0,5191,4856,4856,444
6,16,1729,17327,5504,20,21,61,0,1,307,319,329,61,1200,2300,2359,2301,2947,5572,881,877,0,2854,4857,877,965,199,2206,96,668,0,4885,4894,4894,481
6,17,1839,18369,5504,25,21,71,0,1,332,344,354,71,1208,2496,2557,2497,3283,5797,936,1143,0,3273,5641,1143,1032,304,2423,123,754,0,5483,5186,5186,57
6,18,1935,19378,5504,20,17,45,0,1,352,364,374,45,893,1752,1748,1752,2738,4749,985,859,0,2304,4140,859,818,379,2217,165,491,0,4639,4561,4561,504
6,19,2041,20387,5504,17,19,52,0,1,369,381,391,52,1048,2028,2036,2028,2476,4370,1092,1041,0,3117,5519,1041,1177,261,2430,128,633,0,4769,5158,5158,143
6,20,2132,21399,5632,6,5,10,0,1,375,387,397,10,95,253,285,253,1586,2039,1652,176,0,313,545,176,40,431,2372,213,465,0,3594,4272,2133,1731
6,21,2223,22570,5888,6,5,47,35,1,381,393,403,47,596,845,1489,844,458,458,800,869,0,1647,3779,869,1060,173,2946,53,1954,0,2191,2689,2048,0
6,22,2336,23648,6144,4,4,29,12,1,385,397,407,29,576,1421,1127,1421,1986,3625,624,741,0,2451,3860,741,487,330,3066,80,1497,0,2998,3853,3853,213
6,23,2437,24677,6144,11,17,22,0,1,396,408,418,22,650,1580,1068,1580,2469,4362,852,993,0,2468,4495,993,854,337,3258,159,672,0,4494,4348,4348,66
6,24,2532,25682,6144,32,27,70,0,1,428,440,450,70,948,2115,2278,2115,3206,5387,797,795,0,2792,4568,795,812,282,3445,68,769,0,4978,4675,4675,173
6,25,2625,26690,6144,18,21,61,0,1,446,458,468,61,1163,2382,2322,2383,2740,5279,734,840,0,2936,4697,840,744,234,3358,79,552,0,4474,4683,4683,159
6,26,2705,27709,6144,23,19,57,0,1,469,481,491,57,1193,2163,2276,2163,2332,4433,738,628,0,2463,3946,628,692,267,3273,66,726,0,3878,4082,4082,299
6,27,2817,28717,6144,27,27,69,0,1,496,508,518,69,1386,2716,2697,2715,3703,6381,1120,1127,0,3336,5826,1126,1173,325,3510,149,746,0,6129,5617,5617,90
6,28,2917,29725,6144,22,23,66,0,18,518,530,540,66,1260,2577,2514,2577,2887,5266,949,928,0,3046,5083,929,935,403,3678,144,881,0,4945,5007,5007,14
6,29,3019,30733,6144,23,22,59,0,41,541,553,563,59,1249,2318,2370,2319,2967,5486,1175,903,0,2843,4887,903,972,400,3434,216,732,0,5205,5155,5155,282
6,30,3114,31740,6144,23,23,60,0,64,564,576,586,60,1207,2375,2347,2374,3030,5505,980,1013,0,3441,5806,1013,1172,261,3593,93,604,0,5203,5690,5690,166
6,31,3206,32749,6144,26,26,77,0,90,590,602,612,77,1220,2576,2683,2576,2889,5309,863,884,0,3150,5044,884,832,418,3698,124,867,0,4816,4908,4908,30
6,32,3307,33757,6144,16,16,38,0,106,606,618,628,38,834,1636,1556,1636,2191,4030,706,663,0,2034,3503,663,656,271,3756,94,584,0,3720,3952,3952,479
6,33,3407,34767,6144,20,24,65,0,126,626,638,648,65,1234,2472,2469,2472,2961,5368,1101,891,0,3233,5408,891,1086,376,3847,159,646,0,5130,4999,4999,70
6,34,3510,35774,6144,22,18,59,0,148,648,660,670,59,1212,2332,2333,2332,2587,4916,900,919,0,3082,5150,919,977,245,3886,110,650,0,4586,5087,5087,28
6,35,3613,36795,6144,26,26,67,0,174,674,686,696,67,1229,2492,2502,2492,3171,5675,1232,946,0,3049,5268,946,1098,412,3942,164,648,0,5199,5347,5347,136
6,36,3714,37812,6144,22,22,48,0,196,696,708,718,48,1026,1963,1938,1963,2706,4733,816,914,0,2784,4798,914,930,351,4103,108,559,0,4596,4766,4766,104
6,37,3821,38851,6144,16,20,59,0,212,712,724,734,59,977,2102,2098,2102,2963,5028,795,764,0,2523,4263,764,806,355,4202,89,592,0,4702,4152,4152,46
6,38,3894,39894,6144,11,7,31,0,223,723,735,745,31,620,1232,1209,1233,1699,2774,497,582,0,1619,2863,582,499,198,4592,46,725,0,2849,2813,2813,79
6,39,3995,40900,6144,23,23,66,0,246,746,758,768,66,1121,2347,2375,2347,3427,5773,1011,915,0,2948,4828,915,787,476,4603,291,755,0,5532,5046,5046,298
6,40,4074,41909,6144,4,11,22,0,250,750,760,770,22,364,894,782,894,1496,2799,694,390,0,1163,2111,390,484,286,4392,81,234,0,2760,3056,3056,1243
6,41,4200,43154,6144,15,12,32,0,265,765,777,787,32,741,1420,1349,1419,2293,3717,927,1253,0,2646,5158,1253,950,425,4700,160,394,0,4396,3716,3716,327
6,42,4294,44165,6144,21,18,61,0,286,786,798,808,61,999,2011,2158,2011,2359,4079,914,853,0,2578,4638,853,1019,320,5033,168,857,0,4306,4450,4450,165
6,43,4403,45179,6144,21,20,57,0,307,807,819,829,57,1254,2364,2337,2364,2720,5061,1143,1025,0,2971,5367,1025,1190,240,5133,98,853,0,5067,5394,5394,192
6,44,4507,46183,6272,16,19,57,0,323,823,835,845,57,1070,2186,2153,2186,3058,5186,889,1040,0,2719,4840,1040,918,162,5184,58,878,0,5147,4802,4802,154
6,45,4603,47187,6272,25,22,62,0,348,848,860,870,62,1154,2258,2332,2258,2890,5298,838,914,0,2668,4483,913,726,425,5085,168,802,0,4821,4576,4576,247
6,46,4700,48230,6272,22,22,60,0,370,870,882,892,60,1140,2325,2280,2324,2678,4964,894,1067,0,2753,5035,1068,1033,109,5403,28,800,0,4811,4711,4711,66
6,47,4793,49241,6272,20,20,68,0,390,890,902,912,68,1196,2382,2488,2382,2776,4864,900,823,0,2822,4516,823,693,396,5513,202,1200,0,4679,4646,4646,196
6,48,4894,50253,6272,20,21,51,0,410,910,922,932,51,1174,2285,2143,2285,2689,5236,844,989,0,2535,4638,989,949,412,5621,168,796,0,4702,4674,4674,232
6,49,5000,51263,6272,24,23,58,0,434,934,946,956,58,1029,2051,2131,2051,2699,5006,852,780,0,2541,4368,780,870,321,5321,103,620,0,4478,4363,4363,250
6,50,5099,52277,6272,17,23,60,0,451,951,963,973,60,1210,2479,2350,2480,3169,5732,988,957,0,2902,5016,957,984,216,5325,89,422,0,5294,5139,5139,373
6,51,5204,53344,6272,24,18,60,0,475,975,987,997,60,977,1960,2117,1960,2359,4001,593,813,0,2601,4277,813,676,343,5815,128,897,0,3945,3957,3957,53
6,52,5310,54353,6272,24,24,65,0,499,999,1011,1021,65,1231,2436,2466,2436,3041,5468,1133,1106,0,2889,5304,1106,1133,350,5854,117,936,0,5455,5277,5277,46
6,53,5414,55370,6272,18,21,54,0,517,1017,1029,1039,54,1012,2104,2038,2104,2961,5194,834,988,0,2708,4683,988,812,234,5883,101,741,0,4912,4704,4704,67
6,54,5544,56400,6272,9,13,36,0,526,1026,1038,1048,36,818,1564,1502,1565,2033,3530,859,806,0,2562,4293,806,765,293,5993,121,746,0,3831,4347,4347,156
6,55,5665,57420,6272,25,18,44,3,551,1051,1063,1073,44,885,1650,1721,1650,2301,4203,830,976,0,2407,4469,976,910,369,6145,101,565,0,4224,4337,4337,79
6,56,5772,58430,6272,24,24,75,0,575,1075,1087,1097,75,1218,2611,2643,2611,3140,5713,808,1067,0,3048,5055,1066,765,386,6234,91,642,0,5158,5118,5118,150
6,57,5885,59448,6272,20,20,55,0,595,1095,1107,1117,55,1200,2288,2245,2288,2823,4760,949,1108,0,3228,5436,1109,917,335,6782,133,967,0,5055,5315,5315,57
6,58,5987,60477,6272,23,22,67,0,618,1118,1130,1140,67,1064,2371,2337,2371,3161,5771,856,1011,0,2860,4916,1011,873,358,6498,86,703,0,5208,5008,5008,149
6,59,6079,61488,6272,7,9,20,0,625,1125,1134,1144,20,382,838,762,839,1685,2766,477,219,0,985,1500,219,226,220,6229,58,384,0,2561,2922,2922,1608
6,60,6144,62534,6272,2,1,22,11,627,1127,1139,1149,22,691,783,1109,782,384,384,598,1018,0,1534,3368,1018,580,166,6668,57,1493,0,2123,2547,1674,4
6,61,6231,63550,6272,24,23,44,11,651,1151,1163,1173,44,677,1944,1513,1945,2933,5472,888,801,0,2618,4530,801,932,136,6738,50,467,0,4802,4526,4526,42
6,62,6326,64558,6272,26,27,58,0,677,1177,1189,1199,58,1171,2290,2273,2290,2318,4367,937,844,0,2729,4633,844,891,258,7017,93,691,0,4279,4780,4780,189
6,63,6433,65566,6272,20,19,52,0,697,1197,1209,1219,52,1104,2105,2092,2106,2717,4439,1046,1058,0,2917,5103,1058,968,488,7498,138,1061,0,4981,5306,5306,392
6,64,6534,66580,6272,24,24,57,0,721,1221,1233,1243,57,1150,2166,2233,2165,3211,5814,874,1092,0,2796,5027,1091,950,264,7182,191,789,0,5326,4704,4704,74
6,65,6634,67632,6272,24,23,56,0,745,1245,1257,1267,56,1055,2044,2119,2045,2411,4681,704,792,0,2502,4166,793,699,335,7178,126,639,0,4088,4240,4240,187
6,66,6744,68650,6272,22,22,63,0,767,1267,1279,1289,63,1175,2428,2372,2428,3377,5605,1157,826,0,3112,5221,826,1107,319,7429,99,783,0,5540,5144,5144,110
6,67,6836,69658,6272,19,19,58,0,786,1286,1298,1308,58,1114,2198,2216,2197,2714,4907,801,786,0,2785,4601,785,855,291,7419,171,806,0,4480,4615,4615,130
6,68,6937,70664,6272,20,24,56,0,806,1306,1318,1328,56,1120,2248,2184,2248,2893,5211,915,908,0,2726,4715,909,905,355,7415,107,672,0,4897,4642,4642,57
6,69,7036,71672,6272,19,16,53,0,825,1325,1337,1347,53,969,1976,1976,1977,2821,4462,972,734,0,2670,4532,734,954,273,7724,82,1007,0,4687,4603,4603,128
6,70,7132,72704,6272,22,22,54,0,847,1347,1359,1369,54,1093,2049,2119,2049,3147,5705,746,802,0,2437,4107,802,697,253,7399,95,568,0,4393,4160,4160,273
6,71,7227,73705,6272,16,20,44,0,863,1363,1375,1385,44,1054,2011,1890,2011,2463,4237,765,719,0,2626,4312,719,794,212,7693,61,684,0,4127,4229,4229,190
6,72,7324,74712,6272,23,18,57,0,886,1386,1398,1408,57,978,1916,2061,1915,2614,4735,640,636,0,2386,3809,636,611,295,7576,126,624,0,4049,3731,3731,112
6,73,7420,75728,6272,12,13,35,0,898,1398,1410,1420,35,644,1380,1309,1380,2145,3520,845,651,0,1701,3221,651,709,326,7796,180,671,0,3761,3402,3402,350
6,74,7522,76776,6272,27,26,75,0,925,1425,1437,1447,75,1180,2552,2605,2551,2717,4917,755,871,0,2848,4727,871,826,528,8167,131,1085,0,4523,4429,4429,52
6,75,7620,77810,6272,24,24,68,0,949,1449,1461,1471,68,1261,2599,2553,2599,3197,6149,874,828,0,3037,4830,827,794,371,7898,195,686,0,5069,4839,4839,77
6,76,7718,78829,6272,19,19,64,0,968,1468,1480,1490,64,1181,2462,2397,2463,3444,5717,723,789,0,3189,4958,790,811,416,7964,101,810,0,5109,5187,5187,332
6,77,7812,79858,6400,22,22,57,0,990,1490,1502,1512,57,1247,2343,2330,2342,2903,5423,902,1005,0,2852,4916,1004,877,388,7827,109,620,0,4989,4854,4854,279
6,78,7891,80871,6400,10,14,31,0,1000,1500,1511,1521,31,499,1180,1088,1181,1945,3447,624,384,0,1308,2067,385,295,307,7696,81,206,0,3134,3068,3068,1339
6,79,7991,81922,6400,5,1,19,7,1005,1505,1517,1527,19,175,350,536,349,1363,1681,597,828,0,1413,3216,828,691,8,8133,4,424,0,2887,1823,1823,21
6,80,8084,82939,6400,7,7,24,0,1012,1512,1524,1534,24,626,1140,1082,1141,1787,2638,550,386,0,1601,2475,386,339,395,8355,171,655,0,2862,2713,2713,273
18,0,108,1055,4864,16,16,61,0,1,17,29,39,61,1243,2154,2402,2155,2723,4251,1005,647,0,2807,4460,647,845,304,449,127,893,0,4575,5187,5187,727
18,1,207,2097,4992,14,15,37,0,1,31,43,53,37,831,1509,1534,1509,2617,4617,836,975,0,2403,4287,974,752,286,315,137,427,0,4547,3988,3988,430
18,2,308,3116,5120,18,21,55,0,1,49,61,71,56,1078,2259,2129,2260,2719,4621,1033,970,0,2964,5211,971,1088,467,758,146,654,0,4903,4992,4992,211
18,3,410,4138,5120,26,22,72,0,1,75,87,97,71,1072,2338,2434,2338,3356,5756,856,824,0,2811,4528,824,723,425,896,212,775,0,5203,4695,4695,378
18,4,520,5192,5120,17,15,50,0,1,92,104,114,50,949,1938,1899,1938,2953,4919,854,900,0,2739,4832,900,1020,205,1022,84,708,0,4845,4691,4691,374
18,5,618,6204,5120,18,18,47,0,1,110,122,132,47,1165,2048,2058,2047,2571,4670,1061,835,0,2760,4729,835,956,298,1082,112,667,0,4647,4557,4558,204
18,6,719,7219,5248,15,17,47,0,1,125,137,147,47,794,1716,1687,1717,2703,4388,904,808,0,2364,4093,808,770,434,1217,135,668,0,4575,4692,4692,826
18,7,823,8229,5248,27,25,56,0,1,152,164,174,56,1234,2215,2298,2214,2970,4995,899,1128,0,3340,5702,1128,1035,394,1503,118,942,0,5156,5110,5110,254
18,8,921,9238,5248,20,20,56,0,1,172,184,194,56,1139,2333,2203,2334,3125,5923,649,868,0,2826,4604,868,741,260,1276,72,457,0,4800,4419,4419,90
18,9,1018,10270,5248,13,13,55,0,1,185,197,207,55,830,1735,1875,1735,2518,4310,746,596,0,2210,3606,596,644,283,1186,84,540,0,3948,3889,3889,431
18,10,1190,11487,5248,14,12,28,0,1,199,211,221,28,571,1137,1103,1138,1876,3115,579,566,0,1651,2854,566,489,408,1398,101,515,0,2928,3143,3144,721
18,11,1281,12513,5504,19,19,46,3,1,218,230,240,46,939,1787,1813,1786,2569,4368,824,889,0,2594,4578,889,891,237,1753,96,530,0,4361,4088,4088,231
18,12,1386,13516,5504,18,18,71,0,1,236,248,258,71,1203,2609,2552,2609,2985,5171,1099,927,0,3210,5414,927,1102,481,2070,203,896,0,5191,5277,5277,94
18,13,1484,14519,5504,18,20,62,0,1,254,266,276,62,1122,2297,2300,2297,2791,5179,1017,812,0,2838,4779,812,967,349,2110,100,808,0,4780,4828,4828,143
18,14,1577,15521,5504,25,23,58,0,1,279,289,299,59,903,1983,2015,1984,2678,4678,795,822,0,2579,4309,822,733,308,2194,97,823,0,4475,4369,4369,204
18,15,1673,16529,5504,16,23,59,0,1,295,307,317,58,1251,2489,2362,2488,3166,5694,920,879,0,3150,5237,879,1027,151,2165,77,657,0,5145,5112,5112,79
18,16,1771,17532,5504,32,25,72,0,1,327,331,341,72,1285,2621,2653,2621,2873,5517,942,964,0,3123,5148,963,893,262,2194,103,666,0,4938,5120,5120,55
18,17,1873,18542,5504,18,20,50,0,1,345,357,367,50,996,1955,1946,1956,2694,4767,713,700,0,2400,3888,701,627,406,2175,123,691,0,4288,4025,4025,192
18,18,1971,19555,5504,21,19,45,0,1,366,378,388,45,933,1841,1788,1840,2291,4007,831,904,0,2448,4407,904,878,225,2618,69,763,0,4205,4415,4415,200
18,19,2076,20561,5632,9,15,39,0,1,375,387,397,39,657,1377,1398,1378,2375,4157,1010,499,0,1735,2885,499,546,377,2169,132,379,0,4044,4033,4033,1348
18,20,2162,21624,5632,7,1,18,6,1,382,394,404,18,231,372,573,371,639,639,1058,903,0,1155,2703,903,483,316,2714,116,952,0,2554,3498,1250,7
18,21,2256,22651,5760,5,5,30,18,1,387,399,409,30,485,850,1055,850,1530,2380,582,343,0,1036,1974,342,471,401,2797,93,1163,0,2610,2622,2622,672
18,22,2360,23661,5760,11,13,44,12,1,398,410,420,44,813,2025,1649,2025,2554,4417,801,962,0,3203,5262,963,902,253,3578,71,949,0,4461,4608,4608,25
18,23,2456,24678,5760,12,16,25,0,1,410,422,432,25,605,1168,1080,1168,1612,3189,727,717,0,1736,3253,716,635,238,3491,96,452,0,3215,3516,3516,290
18,24,2557,25686,5760,23,19,60,0,1,433,445,455,60,1136,2173,2276,2174,2933,4878,797,891,0,2709,4635,892,868,303,3866,113,782,0,4802,4656,4656,311
18,25,2664,26694,5888,25,23,76,0,1,458,470,480,76,1237,2625,2681,2624,3270,5871,947,935,0,3347,5343,934,879,389,3946,195,863,0,5332,5302,5302,269
18,26,2769,27712,5888,20,24,54,0,1,478,490,500,54,1223,2351,2249,2351,2884,5352,1063,1053,0,2867,5107,1054,1009,332,3948,141,648,0,5153,4998,4998,168
18,27,2870,28721,5888,28,26,74,0,6,506,518,528,74,1249,2532,2655,2532,3140,5889,722,903,0,2918,4778,902,785,342,3962,79,554,0,4945,4767,4767,156
18,28,2968,29729,5888,23,21,71,0,29,529,541,551,71,1336,2736,2685,2736,3360,5859,813,863,0,3126,5060,864,891,280,3974,78,740,0,5214,5060,5060,159
18,29,3071,30739,5888,22,22,55,0,51,551,563,573,55,1278,2327,2323,2327,3199,5568,1053,1050,0,2943,5039,1049,873,423,4080,208,694,0,5461,4981,4981,116
18,30,3159,31744,5888,26,26,61,0,77,577,589,599,61,1128,2311,2287,2311,2877,5370,790,875,0,2843,4858,876,961,235,4293,67,782,0,4743,4810,4810,71
18,31,3252,32787,5888,19,20,61,0,96,596,608,618,61,1146,2264,2305,2263,2463,4408,908,807,0,2766,4656,807,905,260,4466,65,1007,0,4338,4594,4594,9
18,32,3346,33790,5888,16,16,47,0,112,612,624,634,47,963,1878,1856,1878,2669,4863,683,707,0,2435,3889,707,580,403,4236,141,669,0,4239,4101,4101,222
18,33,3453,34809,5888,26,25,78,0,138,638,650,660,78,1120,2550,2602,2550,3100,5724,934,969,0,2923,5016,969,952,386,4268,104,647,0,5183,4948,4948,170
18,34,3551,35815,5888,23,25,69,0,161,661,673,683,69,1192,2581,2503,2581,2757,5248,923,779,0,3125,5037,778,960,281,4299,97,659,0,4617,5184,5184,317
18,35,3652,36825,5888,21,19,61,0,182,682,694,704,61,1261,2386,2420,2386,2375,4812,919,873,0,3030,4949,874,865,272,4258,71,642,0,4348,4648,4648,16
18,36,3744,37832,5888,17,17,46,0,199,699,711,721,46,881,1718,1755,1719,2443,3926,678,707,0,2268,3777,707,648,350,4587,110,914,0,4008,3975,3975,229
18,37,3850,38839,6016,12,12,33,0,211,711,723,733,33,870,1586,1497,1585,2428,4114,842,807,0,2468,4227,807,770,428,4718,122,725,0,4237,4061,4061,63
18,38,3938,39846,6016,17,18,39,0,228,728,740,750,39,697,1388,1438,1388,2586,4122,482,633,0,2007,3353,633,556,267,4877,102,627,0,3861,3391,3391,162
18,39,4034,40847,6016,22,21,59,0,250,750,762,772,59,1099,2224,2220,2224,2832,5011,1041,842,0,2802,4730,841,922,361,4936,143,668,0,4894,5166,5166,598
18,40,4152,41909,6016,1,1,13,11,251,751,763,773,13,46,159,293,159,1646,2015,1543,271,0,606,1027,271,110,483,4946,188,690,0,3455,4101,2072,1784
18,41,4271,42956,6016,17,18,34,0,268,768,780,790,34,835,1564,1481,1564,2255,3864,1094,1679,0,2766,6175,1679,1476,337,5399,179,564,0,5055,4674,4674,363
18,42,4371,43960,6016,17,19,56,0,285,785,797,807,56,1120,2284,2184,2284,2488,4586,801,844,0,2942,4984,845,1012,239,5652,123,650,0,4314,4576,4576,28
18,43,4473,44964,6144,29,28,70,0,314,814,826,836,70,1230,2477,2560,2478,3090,5548,1029,889,0,2935,5022,889,1024,423,5494,147,752,0,5168,5147,5147,165
18,44,4583,45973,6144,20,18,67,0,334,834,846,856,67,1180,2463,2453,2462,2867,5236,1073,962,0,3269,5459,962,1053,371,5700,170,836,0,5076,5299,5299,9
18,45,4684,46982,6144,14,14,44,0,348,848,860,870,44,1004,1847,1840,1847,2528,4565,920,818,0,2330,4169,818,851,346,5582,178,639,0,4446,4415,4415,263
18,46,4791,47995,6144,22,23,53,0,370,870,882,892,53,1179,2222,2186,2222,2735,4916,1028,1083,0,3036,5376,1083,1074,308,5876,108,766,0,5026,5242,5242,129
18,47,4896,49042,6144,26,24,63,0,396,896,908,918,63,1209,2434,2406,2434,3055,5532,1041,1113,0,3058,5311,1113,965,277,5941,124,695,0,5389,5299,5299,117
18,48,4997,50046,6144,17,19,53,0,413,913,925,935,53,1095,2138,2102,2138,2571,4710,904,873,0,2619,4548,873,887,313,6036,145,658,0,4528,4523,4523,108
18,49,5098,51057,6144,25,23,66,0,438,938,950,960,66,1123,2343,2377,2343,2772,4858,832,914,0,2816,4827,914,922,327,6399,98,949,0,4697,4820,4820,137
18,50,5201,52062,6144,21,23,52,0,459,959,971,981,52,1199,2205,2187,2205,2683,4834,1020,891,0,2956,4924,891,898,416,6488,151,985,0,4774,4818,4818,31
18,51,5298,53077,6144,17,18,48,0,476,976,988,998,48,882,1815,1794,1815,2691,4911,779,800,0,2253,3984,800,764,309,6256,129,580,0,4426,4104,4104,186
18,52,5403,54098,6144,23,21,68,0,499,999,1011,1021,68,1123,2364,2415,2364,2954,5402,1021,913,0,2896,4877,913,907,363,6274,152,548,0,5068,5098,5098,468
18,53,5510,55120,6144,20,21,59,0,519,1019,1031,1041,59,1093,2175,2214,2174,3252,5488,929,1073,0,3179,5573,1073,1130,161,6402,51,526,0,5434,5254,5254,149
18,54,5606,56162,6144,18,16,46,0,537,1037,1049,1059,46,678,1436,1552,1436,1984,3560,722,672,0,2065,3543,672,641,334,6560,72,567,0,3528,3558,3558,237
18,55,5718,57184,6144,14,14,48,0,551,1051,1063,1073,48,989,1945,1901,1944,2188,3963,831,806,0,2483,4292,805,822,290,6862,140,735,0,3962,4069,4069,49
18,56,5814,58192,6144,26,26,57,0,577,1077,1089,1099,57,1229,2314,2312,2314,3075,5560,941,870,0,2667,4647,870,942,321,6673,108,562,0,5046,4653,4653,55
18,57,5922,59241,6144,25,25,71,0,602,1102,1114,1124,71,1176,2515,2525,2515,3005,5277,1011,950,0,3278,5531,951,1119,313,7020,92,863,0,4808,5299,5299,13
18,58,6022,60250,6144,17,19,59,0,619,1119,1131,1141,59,1053,2197,2174,2197,2920,5439,894,769,0,2742,4574,769,888,185,6807,88,518,0,4760,4580,4580,48
18,59,6134,61263,6144,6,7,17,0,625,1125,1137,1147,17,308,623,631,624,2161,2802,997,263,0,942,1530,263,256,373,6693,132,508,0,3594,2803,2803,1359
18,60,6231,62293,6272,16,16,43,6,641,1141,1153,1163,43,675,1398,1492,1397,1932,3010,623,1261,0,2579,5158,1260,1041,217,7477,66,922,0,3995,4258,3820,38
18,61,6334,63304,6272,20,17,50,0,661,1161,1173,1183,50,962,1969,1912,1969,2770,4862,878,1034,0,2629,4707,1035,871,285,7527,122,742,0,4861,4814,4814,175
18,62,6436,64312,6272,24,24,63,0,685,1185,1197,1207,63,1094,2208,2291,2208,3201,5741,1086,996,0,2938,5112,995,1007,310,7397,108,657,0,5382,5238,5238,318
18,63,6547,65354,6272,17,21,52,0,702,1202,1214,1224,52,1198,2289,2186,2289,3444,5587,917,1146,0,3235,5583,1147,1018,268,7880,65,727,0,5668,5265,5265,0
18,64,6653,66383,6272,25,21,47,0,727,1227,1239,1249,47,1146,1992,2039,1992,2287,4227,874,757,0,2531,4169,757,710,371,7847,158,826,0,4098,4416,4416,247
18,65,6748,67386,6272,15,17,39,0,742,1242,1254,1264,39,1036,1846,1777,1846,2462,4445,720,847,0,2448,4312,847,847,219,8138,60,620,0,4209,4226,4226,174
18,66,6847,68393,6272,28,29,67,0,770,1270,1278,1288,67,1239,2516,2512,2516,3098,5453,986,800,0,2971,4793,799,843,432,8235,174,777,0,5043,4632,4632,34
18,67,6949,69403,6272,23,20,63,0,793,1293,1305,1315,63,1077,2165,2274,2165,3020,5233,927,762,0,3058,5044,763,1047,292,8304,111,857,0,4890,5059,5059,49
18,68,7040,70409,6272,13,15,47,0,806,1306,1318,1328,47,1052,2039,1945,2039,2763,4883,897,789,0,2765,4578,789,847,290,8210,103,686,0,4629,4835,4835,339
18,69,7144,71458,6272,24,23,65,0,830,1330,1342,1352,65,1035,2169,2270,2169,2748,4864,797,768,0,2809,4533,768,785,395,8485,116,840,0,4493,4351,4351,172
18,70,7249,72464,6272,24,22,60,0,854,1354,1366,1376,60,1038,2120,2178,2120,2924,5413,835,834,0,2716,4556,834,837,329,8153,108,529,0,4753,4701,4701,325
18,71,7344,73482,6272,18,18,66,0,872,1372,1384,1394,66,1021,2230,2275,2230,2971,4990,660,718,0,2985,4561,718,678,396,8498,93,873,0,4487,4461,4461,305
18,72,7440,74508,6272,15,17,57,0,887,1387,1399,1409,57,928,2051,2011,2051,2543,4662,575,760,0,2695,4291,760,658,190,8700,62,765,0,4052,4072,4072,86
18,73,7532,75513,6272,12,14,34,4,899,1399,1411,1421,34,728,1435,1374,1435,1563,2980,602,640,0,1804,3111,639,515,376,8827,118,722,0,2964,3107,3107,95
18,74,7630,76516,6272,26,22,69,0,925,1425,1437,1447,69,1172,2384,2483,2384,2831,5178,1034,826,0,2616,4548,827,934,417,8806,124,860,0,4872,4578,4578,125
18,75,7733,77535,6272,26,26,69,0,951,1451,1463,1473,69,1243,2560,2554,2560,2979,5501,927,948,0,3166,5303,948,1007,399,8882,198,892,0,5034,5221,5221,43
18,76,7827,78543,6272,18,19,56,0,969,1469,1481,1491,56,1130,2255,2194,2255,3087,5396,1011,970,0,3001,5008,970,877,321,9006,129,777,0,5227,5316,5316,361
18,77,7929,79554,6272,25,25,84,0,994,1494,1506,1516,84,1220,2749,2816,2749,3313,6312,997,1007,0,3475,5720,1007,1058,281,8938,60,601,0,5486,5392,5392,46
18,78,8022,80557,6272,6,7,11,0,1000,1500,1511,1521,11,365,688,574,689,1603,2459,744,211,0,786,1261,211,205,240,8750,96,319,0,2738,2790,2790,1575
18,79,8206,81680,6272,4,2,13,1,1004,1504,1516,1526,13,181,361,428,360,1177,1463,614,989,0,1182,3234,989,818,0,9221,0,461,0,2980,2380,1621,0
18,80,8308,82707,6272,9,11,31,0,1013,1513,1525,1535,31,725,1305,1314,1305,1768,2948,489,463,0,1999,2984,463,357,263,9238,71,595,0,2860,3106,3106,122
2,0,100,1031,4608,12,12,53,0,1,13,25,35,53,787,1530,1794,1530,2394,3570,418,372,0,1603,2538,372,418,193,214,81,618,0,3384,2571,2571,33
2,1,197,2046,4736,12,12,55,0,1,25,37,47,55,1043,2149,2088,2149,2711,4840,777,805,0,3021,4719,805,723,308,285,109,577,0,4453,4676,4676,7
2,2,279,3059,4736,12,12,30,0,1,37,49,59,30,559,1130,1129,1130,1776,2867,789,666,0,1631,3190,665,746,237,604,85,615,0,3390,3536,3536,360
2,3,385,4068,4864,22,23,63,0,1,59,71,81,63,1294,2472,2491,2473,3123,5648,855,919,0,3320,5267,920,858,360,573,96,581,0,5078,5190,5190,285
2,4,490,5093,4864,21,21,46,0,1,80,92,102,46,962,1818,1836,1818,2730,4662,854,832,0,2820,4673,832,841,312,736,127,594,0,4561,4538,4538,150
2,5,592,6123,4864,17,16,59,0,1,97,109,119,59,900,1942,2021,1943,2958,4861,817,813,0,2347,3991,813,674,377,944,93,712,0,4748,4524,4524,683
2,6,693,7134,4992,20,19,46,0,1,117,129,139,46,1158,2045,2032,2044,2755,4780,911,1099,0,3550,5795,1099,963,423,1174,180,795,0,4945,5177,5176,64
2,7,814,8238,4992,20,20,57,0,1,137,149,159,57,977,2046,2060,2046,2422,4485,1022,904,0,2836,4894,904,981,403,1299,104,792,0,4528,5064,5065,235
2,8,916,9248,5120,23,25,60,0,1,160,172,182,60,1305,2451,2445,2451,3403,6047,832,919,0,3170,5114,919,844,266,1218,78,593,0,5334,5131,5131,252
2,9,1007,10278,5120,25,23,52,0,1,185,191,201,52,1020,2077,2008,2077,2113,4137,547,778,0,2360,3926,778,616,314,1430,99,577,0,3618,3746,3746,72
2,10,1102,11289,5120,12,12,36,0,1,197,209,219,36,606,1265,1290,1266,2179,3528,648,616,0,1787,3029,616,484,303,1508,90,632,0,3554,3439,3439,482
2,11,1230,12301,5248,0,5,31,10,1,197,209,219,31,653,1235,1242,1234,1919,2844,553,608,0,1862,3122,607,502,315,2119,74,949,0,3218,2719,2719,81
2,12,1331,13307,5248,28,23,55,0,1,225,237,247,55,1001,2126,2046,2126,2975,5250,869,734,0,2700,4515,735,909,298,1872,128,720,0,4759,4596,4596,162
2,13,1422,14320,5376,17,18,56,0,1,242,254,264,56,1133,2189,2197,2188,2712,4868,803,755,0,2675,4398,755,793,322,1966,80,796,0,4415,4342,4342,106
2,14,1523,15322,5376,24,23,57,0,1,266,278,288,57,1051,2119,2134,2120,2821,5089,787,922,0,2817,4688,922,779,230,2069,104,662,0,4690,4685,4685,104
2,15,1621,16329,5376,19,19,61,0,1,285,297,307,61,1069,2200,2228,2199,2933,5046,835,831,0,2743,4576,831,826,333,2108,159,777,0,4779,4528,4528,56
2,16,1719,17338,5504,28,28,84,0,1,313,325,335,84,1211,2790,2807,2790,3378,6273,895,958,0,3165,5186,958,896,359,2165,91,689,0,5411,5238,5238,156
2,17,1817,18349,5504,20,21,62,0,1,333,345,355,62,1177,2392,2355,2393,2891,5055,809,912,0,2763,4680,912,830,427,2375,192,907,0,4752,4630,4630,108
2,18,1925,19390,5504,19,20,53,0,1,352,364,374,53,955,1930,1962,1930,2948,5229,1149,1046,0,2553,4788,1046,1008,350,2354,156,675,0,4894,4909,4909,256
2,19,2033,20454,5504,17,17,54,0,1,369,381,391,54,1017,2069,2043,2070,2560,4685,893,920,0,2576,4669,920,993,349,2480,112,590,0,4532,4480,4480,67
2,20,2105,21465,5632,6,6,8,0,1,375,384,394,8,204,422,356,422,1190,1913,1343,233,0,650,1060,233,141,372,2307,179,223,0,2946,3592,3037,2044
2,21,2228,22626,5632,4,3,22,11,1,379,391,401,22,323,386,741,386,807,807,1108,1006,0,1094,2933,1006,639,241,2724,83,962,0,2725,2746,1144,255
2,22,2319,23641,5888,3,2,23,11,1,382,394,404,23,604,996,1041,996,1594,2309,835,705,0,1710,3115,705,574,682,2885,194,1290,0,3314,4884,4072,1267
2,23,2429,24652,5888,8,9,33,22,1,390,402,412,33,557,1249,1184,1249,2854,4250,1441,799,0,2259,3883,799,721,883,3814,313,1078,0,5254,6504,4305,1689
2,24,2540,25660,5888,15,14,24,0,1,405,411,421,25,494,1949,957,1949,2927,4570,1766,1648,0,3678,7147,1648,1654,619,4527,224,392,0,6521,7249,6145,687
2,25,2636,26664,5888,41,41,71,0,1,446,458,468,70,739,2462,2081,2462,2542,4354,1058,760,0,3273,5569,760,1349,267,4624,76,661,0,4540,5070,5070,188
2,26,2742,27676,6016,23,24,70,0,1,469,481,491,70,1248,2567,2578,2567,3063,5526,894,984,0,3186,5240,984,894,241,4765,95,776,0,5121,5153,5153,101
2,27,2844,28683,6016,19,18,65,0,1,488,500,510,65,1264,2544,2499,2543,3064,5711,1139,1096,0,3000,5320,1096,1050,258,4631,108,628,0,5458,5454,5454,235
2,28,2952,29693,6016,23,24,64,0,11,511,523,533,64,1267,2538,2483,2538,2872,5163,832,1138,0,3303,5491,1138,868,346,5049,192,945,0,5022,5256,5256,0
2,29,3058,30720,6016,26,20,64,0,37,537,549,559,64,1176,2313,2392,2313,3067,5840,845,830,0,2794,4618,830,833,276,4690,127,564,0,4922,4933,4933,315
2,30,3167,31740,6016,28,26,69,0,65,565,577,587,69,1279,2544,2590,2545,3076,5316,1072,1012,0,3052,5251,1012,1005,358,4837,125,914,0,5340,5233,5233,297
2,31,3266,32746,6016,21,22,53,0,86,586,598,608,53,1205,2260,2212,2259,2544,5012,836,976,0,3019,5108,976,931,266,4777,119,658,0,4536,4854,4854,90
2,32,3372,33764,6016,16,15,48,0,102,602,614,624,48,867,1747,1779,1747,2342,4390,860,771,0,2190,3707,771,609,298,4615,124,399,0,4010,4241,4241,679
2,33,3479,34771,6016,20,20,52,0,122,622,634,644,52,1184,2150,2172,2149,2684,4500,877,951,0,3111,5308,950,1052,245,5255,79,755,0,4691,4848,4848,219
2,34,3582,35789,6016,28,28,68,0,150,650,662,672,68,1187,2470,2479,2470,3091,5490,833,1005,0,3064,5068,1005,814,409,5374,93,902,0,5087,4934,4934,110
2,35,3684,36807,6016,22,22,59,0,172,672,684,694,59,1220,2335,2341,2335,2745,5432,853,1022,0,2690,4824,1023,936,273,5118,94,556,0,4800,4760,4760,96
2,36,3788,37816,6016,16,16,40,0,188,688,700,710,40,1068,1901,1828,1901,2645,4259,872,708,0,2533,4162,708,757,315,5360,104,770,0,4405,4179,4179,113
2,37,3897,38861,6016,23,23,55,0,211,711,722,732,55,1037,2021,2082,2021,2593,4523,840,861,0,2678,4519,861,804,458,5591,212,922,0,4429,4431,4431,84
2,38,3994,39902,6016,12,12,37,0,223,723,735,745,37,560,1216,1263,1216,2204,3625,904,768,0,1836,3605,767,852,283,5770,100,783,0,3970,3718,3718,291
2,39,4090,40910,6016,22,22,47,0,245,745,757,767,47,1174,2168,2067,2168,2704,4750,750,848,0,2574,4402,849,789,429,5815,105,804,0,4483,4261,4261,150
2,40,4178,41910,6016,5,6,13,0,250,750,759,769,13,239,529,486,530,1509,2417,880,210,0,653,1064,210,158,342,5538,116,382,0,2779,3428,2958,2044
2,41,4254,42944,6016,1,0,28,16,251,751,763,773,28,743,931,1275,930,392,392,746,706,0,1829,3540,706,818,172,5946,65,1657,0,2004,3280,1499,3
2,42,4352,43951,6144,18,22,36,0,269,769,781,791,36,634,1873,1318,1873,3133,5394,837,985,0,2309,4227,985,764,298,6101,136,714,0,5135,4227,4227,4
2,43,4459,44966,6144,29,27,58,0,298,798,810,820,58,1208,2350,2310,2350,2851,5280,978,914,0,2691,4629,914,852,356,5947,193,595,0,4909,4750,4750,126
2,44,4555,45969,6144,24,22,60,0,322,822,834,844,60,1233,2308,2373,2308,2470,4334,856,1003,0,2956,5121,1003,990,259,6440,102,1104,0,4489,5017,5017,22
2,45,4648,46973,6144,21,21,55,0,343,843,855,865,55,1070,2109,2115,2109,2922,5506,791,834,0,2492,4295,834,797,138,6123,82,650,0,4727,4404,4404,135
2,46,4751,48038,6144,18,18,58,0,361,861,873,883,58,1073,2152,2175,2151,3070,5312,833,984,0,2912,4905,984,825,195,6213,39,597,0,5056,4988,4988,218
2,47,4848,49050,6144,23,23,58,0,384,884,896,906,58,1167,2310,2269,2310,2855,4983,905,845,0,2817,4740,845,915,228,6420,125,738,0,4785,4857,4857,349
2,48,4957,50063,6144,24,25,70,0,408,908,920,930,70,1217,2472,2547,2472,2861,5403,1330,1073,0,3121,5610,1073,1237,347,6453,150,743,0,5444,5557,5557,296
2,49,5064,51071,6144,17,16,47,0,425,925,937,947,47,1101,2136,1994,2136,2620,4665,880,941,0,2743,4830,941,965,317,6830,99,692,0,4555,4532,4532,0
2,50,5157,52080,6144,25,25,69,0,450,950,962,972,69,1128,2333,2439,2333,3111,5492,940,779,0,2968,4807,779,893,200,6804,50,750,0,4990,4959,4959,214
2,51,5258,53090,6144,13,14,50,0,463,963,975,985,50,929,1982,1879,1982,2377,4393,784,762,0,2646,4316,762,732,271,6948,101,613,0,4077,4209,4209,115
2,52,5350,54091,6144,24,23,69,0,487,987,999,1009,69,1192,2399,2503,2399,2657,4921,821,855,0,2591,4449,855,830,283,6995,107,852,0,4513,4550,4550,216
2,53,5447,55099,6272,27,27,62,0,514,1014,1026,1036,62,1047,2225,2225,2225,3164,5470,987,851,0,2998,4933,851,903,311,7123,162,835,0,5182,4717,4717,0
2,54,5559,56115,6272,15,16,55,0,529,1029,1041,1051,55,874,1885,1919,1885,3003,4983,840,727,0,2790,4623,727,942,216,7104,87,774,0,4729,4709,4709,86
2,55,5656,57139,6272,16,15,36,0,545,1045,1057,1067,36,649,1287,1333,1288,2065,3480,608,687,0,1905,3346,687,592,224,7182,53,720,0,3474,3359,3359,120
2,56,5762,58146,6272,20,20,63,0,565,1065,1077,1087,63,1299,2561,2496,2560,2694,5046,847,960,0,3154,5086,960,787,430,7272,123,864,0,4680,4992,4992,27
2,57,5860,59169,6272,25,25,63,0,590,1090,1102,1112,63,1133,2264,2330,2264,2916,5557,867,924,0,2667,4701,924,937,195,7072,81,553,0,4867,4630,4630,0
2,58,5961,60174,6272,19,19,54,0,609,1109,1121,1131,54,1136,2261,2162,2261,2803,4655,916,886,0,2605,4531,885,876,372,7372,116,863,0,4784,4597,4597,136
2,59,6059,61182,6272,16,18,45,0,625,1125,1136,1146,45,842,1759,1697,1759,2684,5002,838,894,0,2525,4255,895,685,423,7040,121,243,0,4555,4893,4893,774
2,60,6170,62290,6272,11,9,33,9,636,1136,1148,1158,33,350,768,977,767,1857,2275,935,1072,0,2052,4131,1072,798,339,7624,60,802,0,3690,3331,3178,114
2,61,6284,63316,6272,10,14,56,0,646,1146,1158,1168,56,895,2076,1959,2077,3134,5009,899,802,0,2811,4690,802,904,308,8015,103,886,0,5015,4636,4636,80
2,62,6389,64325,6272,27,23,61,0,673,1173,1185,1195,61,1118,2163,2277,2162,2844,5409,882,1016,0,2902,5015,1016,925,214,7763,85,598,0,4902,5077,5077,153
2,63,6490,65339,6272,24,24,66,0,697,1197,1209,1219,66,1129,2311,2383,2311,3033,5221,1017,1020,0,3003,5135,1020,932,312,8076,117,793,0,5250,4920,4920,0
2,64,6590,66352,6272,20,20,57,0,717,1217,1229,1239,57,1191,2303,2274,2303,2898,5392,949,909,0,2543,4581,908,964,253,7987,80,573,0,4914,4502,4502,62
2,65,6682,67366,6272,24,25,69,0,741,1241,1253,1263,69,1000,2249,2311,2249,2729,4785,827,889,0,2759,4699,890,876,321,8188,90,828,0,4626,4779,4779,173
2,66,6788,68381,6272,17,16,56,0,758,1258,1270,1280,56,1159,2291,2223,2290,3050,5143,737,927,0,2909,4758,926,745,283,8390,111,963,0,4889,4804,4804,226
2,67,6888,69385,6400,23,23,67,0,781,1281,1293,1303,67,1155,2452,2428,2452,2997,5675,1011,941,0,3161,5214,941,944,342,8279,113,713,0,5109,5204,5204,216
2,68,6990,70416,6400,20,20,60,0,801,1301,1313,1323,60,1077,2228,2217,2227,2826,5187,1022,1056,0,2755,4978,1056,987,218,8229,102,576,0,4886,4944,4944,213
2,69,7085,71430,6400,16,17,53,0,817,1317,1329,1339,53,1030,2031,2037,2032,2522,4473,843,736,0,2503,4230,737,822,420,8208,148,662,0,4282,4230,4230,360
2,70,7188,72438,6400,25,24,59,0,842,1342,1354,1364,59,1098,2190,2219,2189,2381,4633,836,916,0,2807,4813,916,905,270,8415,71,629,0,4313,4500,4500,47
2,71,7278,73452,6400,22,23,60,0,864,1364,1372,1382,60,1112,2264,2252,2264,2605,4785,782,842,0,2793,4653,842,838,264,8548,64,701,0,4409,4620,4620,29
2,72,7379,74477,6400,16,15,43,0,880,1380,1392,1402,43,980,1958,1797,1958,2740,4608,748,773,0,2533,4148,773,675,238,8800,71,706,0,4268,4199,4199,80
2,73,7493,75483,6400,9,10,44,8,889,1389,1401,1411,44,534,1113,1370,1114,1699,3079,588,405,0,1325,2241,405,394,207,8722,94,696,0,2852,3138,3138,984
2,74,7603,76487,6400,22,21,55,2,911,1411,1423,1433,55,1090,2286,2135,2286,3125,4692,960,1194,0,3508,6085,1194,1182,242,9632,74,1264,0,5459,5218,5218,117
2,75,7698,77491,6400,24,24,58,0,935,1435,1447,1457,58,1288,2414,2390,2413,2945,5590,892,910,0,2786,4602,910,728,332,9474,156,1009,0,4907,4660,4660,175
2,76,7794,78494,6400,29,29,68,0,964,1464,1476,1486,68,1222,2493,2514,2493,3268,5938,734,864,0,3275,5152,864,838,362,9299,116,853,0,5046,5053,5053,76
2,77,7899,79509,6400,16,16,55,0,980,1480,1492,1502,55,1175,2246,2220,2246,3190,5707,1053,1029,0,3287,5504,1029,1018,237,9208,75,556,0,5432,5581,5581,153
2,78,8001,80518,6400,20,22,58,0,1000,1500,1511,1521,58,1021,2179,2123,2180,2932,5076,870,788,0,2664,4373,788,763,296,9324,116,535,0,4770,4620,4620,400
2,79,8094,81599,6400,4,3,11,5,1004,1504,1516,1526,11,44,81,253,80,858,1064,1054,72,0,162,249,71,0,379,9352,147,585,0,1958,2219,1458,1795
2,80,8195,82655,6400,5,4,21,6,1009,1509,1521,1531,21,470,922,869,922,1469,2186,426,1015,0,1820,3954,1015,829,597,9571,149,744,0,3009,2898,2898,741
10,0,96,1022,4480,0,11,48,0,1,1,13,23,48,929,1794,1841,1794,2383,3930,413,517,0,1950,3026,517,402,206,118,67,294,0,3493,3082,3082,56
10,1,214,2098,4864,27,15,49,1,1,28,40,50,49,871,1812,1802,1813,2597,4358,798,872,0,2530,4252,872,673,410,430,104,634,0,4014,4344,4344,346
10,2,305,3125,4864,15,18,33,0,1,43,55,65,33,890,1580,1517,1579,2259,3482,701,860,0,2388,4238,860,823,196,837,73,928,0,3980,3878,3878,36
10,3,404,4133,4864,24,23,63,0,1,67,79,89,63,1146,2337,2343,2337,3143,5770,636,798,0,2868,4427,798,588,280,634,73,655,0,4697,4590,4590,247
10,4,509,5163,4864,16,16,45,0,1,83,95,105,45,959,1742,1814,1741,2382,3708,853,691,0,2760,4381,691,757,419,1016,107,1143,0,4106,4294,4294,166
10,5,609,6170,4992,20,18,45,0,1,103,115,125,45,1089,1984,1944,1985,2427,4782,764,619,0,2355,3906,619,760,352,741,148,732,0,3970,3878,3878,138
10,6,707,7184,5120,18,18,47,0,1,121,133,143,47,961,1849,1854,1849,2939,4860,817,902,0,2506,4373,902,797,310,914,109,665,0,4838,4507,4507,272
10,7,813,8195,5120,23,25,56,0,1,144,156,166,56,994,2050,2058,2049,2836,5003,798,842,0,2647,4549,842,878,359,860,108,556,0,4656,4478,4478,227
10,8,916,9225,5120,21,21,64,0,1,165,177,187,64,1329,2548,2545,2548,2743,4952,893,932,0,3085,5156,932,958,294,1249,79,897,0,4748,4971,4971,68
10,9,1035,10263,5120,20,18,49,0,1,185,197,207,49,996,1907,1927,1906,2594,4817,1074,965,0,2728,4850,965,976,307,1199,94,601,0,4779,4750,4750,5
10,10,1137,11267,5248,12,13,40,0,1,197,209,219,40,715,1443,1475,1443,2401,3677,778,623,0,2177,3774,623,816,338,1448,120,800,0,3982,3847,3847,83
10,11,1227,12288,5248,3,5,14,2,1,200,212,222,14,373,716,639,716,1378,2361,761,448,0,1213,2218,447,450,325,1748,89,456,0,2740,3197,3197,1096
10,12,1325,13297,5248,28,25,60,0,1,228,240,250,60,1276,2352,2416,2351,3057,5201,798,1087,0,3185,5615,1088,1127,305,1943,90,727,0,5102,4536,4536,34
10,13,1417,14327,5248,23,23,61,0,1,251,263,273,61,1128,2278,2287,2277,2538,4859,740,810,0,2624,4337,810,725,238,1970,69,709,0,4248,4266,4266,36
10,14,1526,15329,5248,14,14,52,0,1,265,277,287,52,920,1897,1908,1897,2445,4376,762,781,0,2395,4001,780,671,358,2052,122,686,0,4167,4437,4437,472
10,15,1629,16351,5376,25,25,65,0,1,290,302,312,65,1212,2438,2447,2438,3292,5557,839,1062,0,3271,5320,1063,806,448,2250,121,868,0,5344,4913,4913,180
10,16,1730,17372,5376,26,26,74,0,1,316,328,338,74,1235,2709,2641,2709,3071,6057,888,1051,0,3203,5396,1051,948,327,2357,167,706,0,5205,5339,5339,174
10,17,1828,18441,5376,23,23,61,0,1,339,351,361,60,1195,2327,2339,2326,2592,4899,849,992,0,2671,4711,992,877,321,2428,94,791,0,4593,4654,4654,123
10,18,1927,19451,5376,15,16,41,0,1,354,366,376,41,902,1716,1681,1715,2250,3896,773,830,0,2351,4110,830,759,279,2700,93,835,0,4010,3995,3995,8
10,19,2028,20461,5376,21,22,50,0,1,375,384,394,50,958,1969,1908,1970,2777,4840,933,862,0,2453,4353,862,880,206,2637,74,680,0,4752,4638,4638,293
10,20,2105,21591,5632,0,0,0,0,1,375,384,394,0,0,0,0,0,1225,1522,666,0,0,0,0,0,0,206,2340,74,383,0,1614,3115,1233,2044
10,21,2209,22679,5760,3,2,24,18,1,378,390,400,24,637,850,1093,850,1751,2280,715,1007,0,1978,3909,1007,679,249,2424,73,1188,0,3617,2657,2413,547
10,22,2322,23718,5760,18,17,34,0,1,396,408,418,34,700,1654,1346,1654,2500,4172,742,1407,0,2544,4868,1406,733,366,3492,90,862,0,4828,4185,4185,119
10,23,2412,24737,5760,14,15,40,0,1,410,422,432,40,688,1449,1448,1449,2185,3852,475,589,0,1858,3150,590,527,298,3506,112,643,0,3430,3070,3070,39
10,24,2513,25742,5760,24,23,65,0,1,434,446,456,65,1019,2146,2254,2147,2913,4901,957,896,0,2862,4878,896,953,198,3790,76,909,0,4946,5017,5017,178
10,25,2615,26744,5760,16,16,55,0,1,450,462,472,55,1185,2296,2230,2295,2831,5360,998,774,0,2803,4593,774,842,404,3592,197,610,0,4762,4797,4797,382
10,26,2713,27753,5760,23,23,70,0,1,473,485,495,70,1251,2590,2581,2590,3033,5486,934,833,0,3004,5045,833,1027,349,3649,107,904,0,4980,4709,4709,46
10,27,2820,28771,5888,27,23,71,0,1,500,512,522,71,1278,2673,2627,2673,3715,6085,940,989,0,3428,5536,989,945,444,4256,147,1161,0,5804,5646,5646,156
10,28,2911,29778,5888,19,21,53,0,19,519,531,541,53,1263,2357,2270,2357,2953,5878,958,789,0,3181,5099,788,950,286,3697,86,563,0,4899,5354,5354,411
10,29,3011,30866,5888,30,27,76,0,49,549,561,571,76,1319,2642,2763,2642,3070,5570,815,913,0,3141,5135,914,898,373,3726,121,826,0,4979,4812,4812,95
10,30,3120,31876,5888,19,21,58,0,68,568,580,590,58,1144,2351,2246,2351,3225,5406,1029,1080,0,3024,5184,1079,909,416,4180,143,891,0,5513,5280,5280,191
10,31,3220,32890,5888,23,21,60,0,91,591,603,613,60,1157,2251,2297,2252,2663,5264,817,869,0,2747,4640,870,854,255,3747,63,587,0,4510,4716,4716,267
10,32,3321,33910,5888,19,21,57,0,110,610,622,632,57,1032,2163,2115,2162,3096,5254,627,856,0,2907,4660,856,710,290,3934,56,544,0,4739,4398,4398,42
10,33,3416,34921,5888,24,22,54,0,134,634,646,656,54,1137,2139,2163,2139,2608,4636,900,780,0,2517,4262,779,792,243,4045,98,679,0,4467,4361,4361,141
10,34,3518,35935,5888,22,20,74,0,156,656,668,678,74,1189,2539,2595,2539,2760,5395,708,1000,0,2781,4759,1001,806,294,4023,107,707,0,4501,4598,4598,51
10,35,3623,36951,5888,24,24,69,0,180,680,692,702,69,1249,2548,2560,2548,2758,5237,943,1060,0,2953,5101,1060,914,308,4177,90,788,0,4941,5156,5156,106
10,36,3715,37971,5888,19,20,51,0,199,699,711,721,51,1019,2026,1988,2026,2392,4496,564,631,0,2557,3945,631,578,443,4117,120,672,0,3747,3859,3859,20
10,37,3820,38979,5888,14,13,55,0,213,713,725,735,55,753,1714,1798,1715,2916,4739,836,719,0,2137,3673,719,661,319,4301,99,646,0,4631,3973,3973,320
10,38,3898,39986,5888,10,13,39,0,223,723,735,745,39,713,1545,1454,1544,2016,3681,556,680,0,1827,3280,680,610,270,4328,107,436,0,3412,3089,3089,157
10,39,3988,40992,5888,24,21,62,0,247,747,759,769,62,1154,2294,2332,2294,2369,4301,728,864,0,2775,4649,864,833,325,4630,60,836,0,4141,4577,4577,85
10,40,4102,42080,5888,3,6,20,9,250,750,760,770,20,231,553,611,554,2041,3033,873,570,0,1421,2434,570,251,352,4621,138,520,0,3200,2381,2381,272
10,41,4221,43186,5888,21,18,46,0,271,771,783,793,46,747,1642,1621,1642,2287,3564,983,1011,0,2538,5060,1011,1314,377,5118,140,864,0,4172,4522,4522,37
10,42,4323,44189,5888,14,15,57,0,285,785,797,807,57,1020,2113,2103,2112,2850,5065,1031,1037,0,2495,4763,1037,1057,174,5184,86,752,0,5078,4725,4725,4
10,43,4421,45199,5888,22,23,73,0,307,807,819,829,73,1198,2500,2585,2500,2936,5373,959,964,0,2884,4788,964,769,419,5212,208,900,0,5039,5276,5276,492
10,44,4520,46208,5888,20,20,56,0,327,827,839,849,56,1155,2282,2219,2282,2685,5035,955,822,0,2621,4678,822,1055,197,5119,73,769,0,4642,4295,4295,145
10,45,4623,47211,5888,21,20,69,0,348,848,860,870,69,1044,2306,2355,2306,3017,5471,828,878,0,2679,4548,877,826,433,5096,193,670,0,4902,4818,4818,415
10,46,4720,48223,5888,22,22,65,0,370,870,882,892,65,1152,2405,2387,2405,2788,4922,903,938,0,3026,5098,938,953,377,5467,69,923,0,4596,4697,4697,29
10,47,4816,49237,5888,20,21,61,0,390,890,902,912,61,1231,2381,2390,2381,2877,5145,1054,1043,0,2973,5216,1044,1025,237,5581,110,1045,0,5155,5187,5187,0
10,48,4917,50246,5888,20,20,59,0,410,910,922,932,59,1114,2238,2235,2239,2988,5688,843,842,0,2584,4384,842,793,255,5239,81,580,0,4833,4545,4545,161
10,49,5012,51256,5888,24,23,55,0,434,934,946,956,55,1144,2184,2189,2183,2460,4232,654,745,0,2765,4426,745,733,360,5597,77,997,0,4039,4276,4276,16
10,50,5113,52257,5888,17,22,53,0,451,951,963,973,53,1075,2221,2082,2222,2794,5372,873,848,0,2816,4535,848,710,422,5403,181,501,0,4695,4875,4875,356
10,51,5217,53266,5888,24,15,60,0,475,975,987,997,60,952,2055,2092,2054,2874,4816,662,721,0,2401,4005,721,708,420,5618,106,822,0,4221,3756,3756,107
10,52,5317,54277,5888,24,24,62,0,499,999,1011,1021,62,1243,2451,2421,2451,2904,5616,824,940,0,2826,4751,940,806,424,5375,158,531,0,4848,4608,4608,0
10,53,5408,55298,5888,17,17,54,0,516,1016,1028,1038,54,975,2096,2001,2096,2729,4583,917,857,0,2718,4698,857,952,283,5752,100,678,0,4683,4787,4787,222
10,54,5509,56311,5888,11,14,41,0,527,1027,1039,1049,41,848,1609,1627,1609,1939,3430,646,538,0,2046,3400,538,646,270,5868,71,814,0,3303,3168,3168,38
10,55,5595,57334,6016,24,22,49,9,551,1051,1063,1073,49,851,1738,1782,1738,2276,4190,558,548,0,2037,3313,548,556,310,5798,72,696,0,3537,3365,3365,96
10,56,5698,58343,6016,24,23,78,0,575,1075,1087,1097,78,1254,2679,2736,2679,2874,5557,885,993,0,3015,4984,993,805,439,5747,148,749,0,4912,4949,4949,61
10,57,5802,59361,6016,21,21,54,0,596,1096,1108,1118,54,1151,2220,2177,2220,2867,5253,891,992,0,2666,4836,991,1001,328,5629,96,540,0,4909,4751,4751,64
10,58,5896,60370,6016,21,21,55,0,617,1117,1129,1139,55,1089,2154,2134,2155,2142,3769,899,704,0,2612,4372,705,886,173,6106,80,1047,0,3926,4448,4448,140
10,59,6001,61387,6016,8,10,24,0,625,1125,1137,1147,24,487,1012,943,1012,2201,3951,1101,590,0,1446,2555,590,404,375,5611,182,302,0,3743,3390,3390,998
10,60,6101,62441,6016,11,8,30,5,636,1136,1148,1158,30,451,825,1021,824,1635,2046,1065,1343,0,2033,4525,1342,927,318,6455,80,1021,0,4171,4645,3484,89
10,61,6199,63475,6016,12,15,45,0,648,1148,1160,1170,45,949,1957,1804,1958,2450,4192,821,919,0,2663,4491,920,745,165,6736,77,1083,0,4351,4424,4424,38
10,62,6301,64484,6016,29,28,55,0,677,1177,1189,1199,55,1225,2245,2270,2244,2735,5601,884,969,0,2697,4726,969,881,201,6258,96,487,0,4768,4699,4699,11
10,63,6399,65500,6016,23,20,64,0,700,1200,1212,1222,64,1087,2231,2303,2231,2539,4576,896,978,0,2692,4729,978,896,296,6492,130,752,0,4592,4847,4847,149
10,64,6492,66517,6016,18,19,49,0,718,1218,1230,1240,49,1180,2137,2111,2137,2237,4221,852,755,0,2625,4393,755,834,239,6481,104,880,0,3874,4298,4298,109
10,65,6584,67549,6016,24,26,55,0,742,1242,1254,1264,55,1089,2206,2134,2206,3082,5399,871,755,0,2620,4351,755,796,268,6556,118,697,0,4812,4241,4241,34
10,66,6673,68553,6016,23,21,61,0,765,1265,1277,1287,61,1164,2248,2323,2248,2692,4925,721,723,0,2663,4342,723,782,291,6465,92,787,0,4316,4371,4371,64
10,67,6775,69570,6016,22,23,55,0,787,1287,1299,1309,55,1060,2156,2105,2156,2705,4999,958,903,0,2555,4507,903,880,335,6524,120,597,0,4726,4813,4813,370
10,68,6880,70583,6016,19,17,55,0,806,1306,1318,1328,55,1145,2136,2190,2136,2599,4707,1088,1151,0,3028,5457,1151,1101,310,6693,140,680,0,5018,5196,5196,109
10,69,6977,71603,6016,20,22,57,0,826,1326,1338,1348,57,1002,2139,2085,2139,2669,4658,801,872,0,2660,4489,872,785,322,7027,112,776,0,4520,4557,4557,210
10,70,7084,72621,6016,20,21,62,0,846,1346,1358,1368,62,1119,2288,2297,2288,2534,4853,709,729,0,2847,4498,729,744,243,6981,98,754,0,4152,4320,4320,32
10,71,7176,73636,6016,22,22,61,0,868,1368,1380,1390,61,1009,2139,2168,2139,3100,5476,653,664,0,2438,3941,663,669,239,6829,68,546,0,4596,4135,4135,226
10,72,7284,74664,6016,15,12,46,9,883,1383,1395,1405,46,709,1380,1583,1381,2435,3415,1094,793,0,2045,3497,794,542,459,7327,208,1149,0,4483,5347,4515,1256
10,73,7371,75683,6144,5,6,26,9,888,1388,1400,1410,26,890,1536,1384,1535,2001,3862,961,818,0,2545,4675,818,1143,234,7072,106,672,0,3899,3653,3600,261
10,74,7467,76705,6144,33,32,64,2,921,1421,1433,1443,64,1155,2437,2371,2437,2429,4765,938,958,0,2993,5100,958,975,257,7340,73,707,0,4505,4898,4898,130
10,75,7563,77722,6144,22,26,60,0,943,1443,1455,1465,60,1177,2334,2317,2335,3079,5567,939,918,0,2878,4833,918,865,378,7435,88,609,0,5105,4836,4836,190
10,76,7660,78735,6144,25,22,74,0,968,1468,1480,1490,74,1263,2592,2669,2591,3406,6007,846,872,0,3239,5108,872,815,422,7501,145,677,0,5304,4991,4991,73
10,77,7764,79744,6272,25,24,70,0,993,1493,1505,1515,70,1197,2516,2527,2516,3346,5660,905,911,0,3209,5305,911,1010,292,7807,111,890,0,5313,5277,5277,72
10,78,7868,80756,6272,7,8,26,0,1000,1500,1511,1521,26,447,975,941,976,2118,3504,1142,334,0,1256,2065,334,410,350,7339,122,445,0,3764,3818,3818,1843
10,79,8007,81814,6272,5,4,26,11,1005,1505,1517,1527,26,202,485,696,484,1633,1736,941,1265,0,1304,3969,1265,1185,79,8095,28,1038,0,3999,3288,2087,56
10,80,8109,82839,6272,6,9,33,0,1011,1511,1523,1533,33,650,1487,1277,1487,1882,3640,512,548,0,1965,3143,547,459,276,7730,63,565,0,3083,3105,3105,27
12,0,112,1025,4736,13,13,72,0,1,14,26,36,72,1026,2125,2394,2126,2900,4574,704,757,0,2483,4078,757,678,317,291,97,720,0,4541,4171,4171,92
12,1,218,2044,4736,14,17,58,0,1,28,40,50,58,867,2020,1969,2021,2713,4944,842,965,0,2705,4598,965,760,259,260,71,472,0,4651,4749,4749,248
12,2,313,3071,4864,17,14,43,0,1,45,57,67,43,831,1599,1648,1598,2512,4063,858,962,0,2408,4286,962,749,474,479,213,592,0,4428,4216,4216,246
12,3,407,4080,4864,26,26,67,0,1,71,83,93,67,1187,2449,2460,2450,2728,5108,814,977,0,3045,5107,977,907,303,643,95,672,0,4698,4982,4982,121
12,4,505,5090,4864,12,12,44,0,1,83,95,105,44,943,1810,1779,1809,2165,3853,879,727,0,2459,4185,727,841,306,759,137,763,0,3931,4157,4157,93
12,5,607,6114,4864,23,24,60,0,1,106,118,128,61,1052,2225,2200,2226,2819,5196,837,1011,0,2432,4483,1011,871,305,844,122,585,0,4715,4402,4402,96
12,6,708,7129,4864,16,15,48,0,1,122,134,144,47,992,1838,1896,1838,2371,4219,875,816,0,2622,4417,816,808,246,987,78,633,0,4221,4467,4467,146
12,7,801,8142,5120,22,22,48,0,1,144,155,165,48,1023,1977,1935,1976,2630,4398,731,756,0,2585,4333,756,810,187,1327,65,801,0,4297,4162,4162,1
12,8,903,9151,5120,21,23,64,0,1,165,177,187,64,1275,2503,2491,2504,2887,5510,884,897,0,3042,5021,897,907,258,1095,131,688,0,4838,5100,5100,101
12,9,1010,10168,5120,21,19,57,0,1,186,196,206,57,975,2075,2058,2074,2959,5167,900,990,0,2758,4767,990,844,351,1274,124,587,0,5029,4707,4707,52
12,10,1106,11193,5120,12,12,42,0,1,198,210,220,42,717,1477,1515,1477,2076,3414,626,537,0,1800,3092,537,593,359,1474,68,764,0,3398,3129,3129,89
12,11,1201,12197,5248,9,9,36,12,1,207,219,229,36,492,1051,1176,1052,1905,2853,609,604,0,1625,2857,604,491,511,1866,137,992,0,3258,3174,3174,420
12,12,1307,13222,5376,22,22,61,0,1,229,241,251,61,1146,2440,2305,2439,2781,5383,887,1016,0,3259,5504,1016,1046,285,1856,50,695,0,4864,5108,5108,24
12,13,1411,14235,5376,18,18,71,0,1,247,259,269,71,1073,2380,2422,2381,3349,5720,884,906,0,2979,4916,906,860,237,2034,91,746,0,5318,5011,5011,130
12,14,1504,15246,5376,20,21,63,0,1,267,279,289,63,1056,2247,2253,2246,2606,4744,718,759,0,2613,4211,759,665,323,2039,89,861,0,4263,4160,4160,83
12,15,1607,16257,5376,13,15,47,0,1,280,292,302,47,1100,2103,1993,2104,2524,4679,1029,1046,0,2862,5126,1046,1044,280,2159,98,699,0,4759,5204,5204,161
12,16,1709,17267,5376,30,29,60,0,1,310,322,332,60,1238,2315,2378,2315,2849,4954,882,856,0,3005,4913,856,875,261,2340,126,974,0,4767,4881,4881,131
12,17,1815,18278,5376,26,24,62,0,1,336,348,358,62,1210,2384,2388,2383,2905,5444,941,931,0,2733,4806,930,967,333,2372,125,861,0,4953,4677,4677,60
12,18,1905,19318,5504,14,14,36,0,1,350,362,372,36,877,1576,1561,1576,1967,3873,813,714,0,2406,3993,715,703,161,2122,71,561,0,3467,3891,3891,113
12,19,2004,20337,5504,22,23,57,0,1,372,384,394,57,992,2045,2075,2045,2579,4618,796,946,0,2478,4358,946,761,315,2362,107,656,0,4456,4272,4272,118
12,20,2105,21379,5504,8,8,23,6,1,380,392,402,23,249,579,686,579,1675,2338,831,1073,0,1714,3417,1073,434,374,2603,96,729,0,3571,3197,3147,2
12,21,2190,22515,5504,4,5,12,1,1,384,396,406,12,268,524,496,523,1485,2388,461,511,0,853,2022,511,511,256,2532,80,430,0,2200,1808,1808,58
12,22,2285,23524,5504,12,10,34,0,1,396,408,418,34,656,1399,1302,1398,2027,3386,569,610,0,1845,3130,610,499,337,2785,72,393,0,3367,3154,3154,166
12,23,2378,24543,5504,12,13,47,0,1,408,420,430,47,716,1492,1609,1492,1979,3235,602,590,0,2133,3564,590,665,224,3159,68,746,0,3331,3418,3418,20
12,24,2480,25551,5504,14,19,49,0,1,422,434,444,49,982,1959,1913,1959,2800,4916,936,810,0,2517,4337,810,846,263,3090,122,543,0,4723,4528,4528,211
12,25,2576,26560,5632,26,23,79,0,1,448,460,470,79,1152,2523,2653,2523,3196,5550,796,906,0,3019,5023,906,917,308,3398,71,842,0,5058,4909,4909,97
12,26,2678,27568,5632,23,20,75,0,1,471,483,493,75,1267,2669,2692,2669,2955,5843,887,922,0,3028,4967,922,840,296,3132,109,646,0,4944,4983,4983,113
12,27,2774,28576,5632,23,23,73,0,1,494,506,516,73,1281,2674,2668,2674,2987,5270,1098,851,0,3278,5373,851,1069,299,3589,101,1031,0,5116,5317,5317,57
12,28,2866,29584,5632,24,25,57,0,18,518,530,540,57,1243,2403,2326,2403,2933,5679,834,1040,0,2771,4855,1040,867,196,3244,73,611,0,4967,4840,4840,42
12,29,2964,30604,5632,26,25,63,0,44,544,556,566,63,1305,2475,2502,2475,2776,5077,888,1031,0,2755,4881,1031,926,330,3459,128,812,0,4875,4895,4895,93
12,30,3054,31620,5760,21,21,67,0,65,565,577,587,67,1156,2335,2429,2335,2806,5237,820,837,0,2662,4393,837,720,353,3379,99,810,0,4524,4517,4517,228
12,31,3159,32629,5760,25,25,64,0,90,590,602,612,64,1199,2479,2415,2479,3090,5737,790,840,0,2934,4833,840,882,287,3226,127,578,0,4880,4723,4723,122
12,32,3263,33651,5760,14,14,51,0,104,604,616,626,51,993,1908,1962,1908,2190,3995,931,940,0,2529,4503,940,858,303,3368,116,735,0,4241,4449,4449,68
12,33,3365,34655,5760,22,25,55,0,126,626,638,648,55,1111,2195,2156,2195,2617,4641,815,940,0,2706,4699,939,878,262,3758,112,867,0,4551,4729,4729,98
12,34,3476,35661,5760,24,22,62,0,150,650,662,672,62,1187,2359,2365,2359,2929,5603,972,1017,0,3078,5267,1018,992,317,3448,171,599,0,5065,5235,5235,68
12,35,3580,36678,5760,24,23,69,0,174,674,686,696,69,1167,2462,2478,2462,3177,5743,1244,1108,0,3084,5446,1107,1092,368,3447,174,511,0,5686,5809,5809,431
12,36,3689,37690,5760,21,21,53,0,195,695,702,712,54,992,2038,2000,2038,2654,4585,831,942,0,2930,4900,943,853,322,3777,73,644,0,4587,4590,4590,203
12,37,3795,38710,5760,16,16,58,0,211,711,723,733,58,962,2050,2064,2049,2423,4592,716,735,0,2452,4024,735,665,330,3802,127,646,0,4022,3790,3790,0
12,38,3881,39743,5760,12,13,38,0,223,723,735,745,38,602,1245,1324,1245,1933,3446,592,543,0,1701,3027,542,635,168,3692,54,457,0,3227,3038,3038,120
12,39,3984,40749,5760,21,20,45,0,244,744,753,763,45,1171,2148,2026,2148,2038,3745,851,918,0,2712,4702,919,886,351,4080,138,776,0,3988,4653,4653,71
12,40,4085,41762,5760,6,7,18,0,250,750,760,770,18,346,709,688,710,1753,2851,1029,425,0,1056,1813,425,261,365,3854,122,366,0,3385,3296,3296,1565
12,41,4208,42989,5888,13,17,43,0,263,763,775,785,43,767,1481,1584,1480,2553,3544,983,1582,0,2585,5706,1582,1263,198,4616,77,959,0,4962,4326,3768,106
12,42,4302,44005,5888,19,15,50,0,282,782,794,804,50,1012,2030,1962,2030,2170,4420,1019,781,0,2368,4319,781,990,302,4373,107,671,0,4150,4214,4214,16
12,43,4394,45009,5888,25,24,68,0,307,807,819,829,68,1183,2388,2475,2388,2999,5501,812,857,0,2767,4649,857,855,199,4127,80,644,0,4848,4824,4824,191
12,44,4488,46013,5888,19,19,63,0,326,826,838,848,63,1107,2347,2304,2348,3020,5357,893,818,0,2975,4832,818,869,243,4283,114,610,0,4911,4786,4786,145
12,45,4594,47046,5888,22,22,56,0,348,848,860,870,56,1152,2167,2216,2168,2828,4887,878,987,0,2577,4555,987,816,266,4413,109,771,0,4827,4688,4689,292
12,46,4695,48059,5888,17,21,51,0,365,865,877,887,51,1095,2105,2064,2104,2549,4666,999,903,0,2686,4750,902,979,278,4423,115,718,0,4630,4691,4691,255
12,47,4796,49073,5888,29,25,67,0,394,894,906,916,67,1246,2468,2519,2468,2890,5285,896,1001,0,2791,4973,1002,1004,313,4676,120,842,0,4955,4771,4771,115
12,48,4893,50082,6016,19,19,67,0,413,913,925,935,67,1169,2398,2442,2398,2747,5254,948,936,0,2868,4818,935,852,316,4806,92,778,0,4691,4782,4782,106
12,49,4994,51113,6016,21,21,57,0,434,934,946,956,57,1007,2165,2090,2166,2836,5030,652,688,0,2489,3975,688,620,403,4842,122,690,0,4346,4278,4278,430
12,50,5095,52124,6016,22,21,53,0,456,956,968,978,53,1096,2131,2103,2132,2669,4925,884,937,0,2982,4977,937,895,415,4936,137,827,0,4596,4840,4840,360
12,51,5191,53143,6016,17,17,55,0,473,973,985,995,55,944,1992,1989,1992,2534,4521,1004,910,0,2928,5092,910,1059,249,5306,142,912,0,4564,4668,4668,31
12,52,5292,54162,6016,23,24,60,0,496,996,1008,1018,60,1200,2389,2340,2389,2748,5250,767,960,0,2937,4890,959,823,290,5166,106,750,0,4650,4904,4904,46
12,53,5394,55215,6016,19,20,54,0,515,1015,1027,1037,54,1049,2081,2075,2081,2998,5243,986,907,0,2884,4913,908,940,271,5177,108,587,0,4745,4769,4769,65
12,54,5490,56240,6016,12,12,42,0,527,1027,1039,1049,42,806,1638,1604,1638,2310,3991,949,827,0,2456,4209,827,767,410,5283,177,594,0,4251,4462,4462,318
12,55,5617,57360,6016,23,20,43,0,550,1050,1062,1072,43,944,1725,1761,1724,2695,4090,902,868,0,2341,4399,868,1018,174,5879,69,959,0,4640,4244,4244,163
12,56,5715,58368,6016,25,25,64,0,575,1075,1087,1097,64,1257,2462,2473,2462,3101,6008,945,956,0,2828,4802,956,845,251,5580,120,526,0,5182,4845,4845,206
12,57,5818,59381,6016,23,26,64,0,598,1098,1108,1118,64,1240,2500,2456,2500,2713,4993,879,940,0,3066,5136,939,950,296,5699,116,702,0,4691,4981,4981,60
12,58,5914,60395,6016,23,20,60,0,621,1121,1133,1143,60,1058,2208,2198,2208,2449,4488,764,957,0,2514,4418,958,776,180,6021,58,899,0,4351,4382,4382,42
12,59,5989,61404,6016,4,5,14,0,625,1125,1136,1146,14,284,617,550,618,1495,2680,683,264,0,760,1295,264,215,231,5545,79,264,0,2622,3031,3031,1790
12,60,6102,62449,6016,14,13,41,1,639,1139,1151,1161,41,700,1329,1479,1329,2236,3039,879,1364,0,2477,5124,1364,1000,268,6364,79,940,0,4580,3687,3413,132
12,61,6204,63470,6016,20,22,63,0,659,1159,1171,1181,63,971,2159,2168,2158,3087,5689,889,1003,0,2667,4763,1003,919,123,6039,45,506,0,5159,4702,4702,93
12,62,6307,64487,6016,24,22,64,0,683,1183,1195,1205,64,1259,2457,2475,2457,2635,4876,984,941,0,2962,5036,941,954,229,6254,84,740,0,4720,4948,4948,5
12,63,6407,65516,6016,22,23,68,0,705,1205,1217,1227,68,1114,2361,2406,2361,2909,5384,882,940,0,2849,4903,940,939,311,6255,110,671,0,4911,4868,4868,13
12,64,6510,66530,6016,20,19,57,0,725,1225,1236,1246,57,1142,2276,2225,2276,2658,4892,905,962,0,2610,4648,962,898,224,6315,113,662,0,4652,4796,4796,166
12,65,6612,67536,6016,23,23,52,0,748,1248,1260,1270,52,1024,1979,2012,1979,2309,4317,808,910,0,2814,4663,910,770,253,6513,99,666,0,4207,4616,4616,119
12,66,6703,68550,6016,18,19,57,0,766,1266,1278,1288,57,1231,2302,2314,2302,2609,4740,829,704,0,2643,4385,704,865,287,6496,97,849,0,4302,4278,4278,28
12,67,6802,69558,6016,23,22,57,0,789,1289,1301,1311,57,1088,2182,2171,2182,2789,5128,766,859,0,2413,4193,858,744,190,6498,74,681,0,4564,4245,4245,88
12,68,6900,70564,6016,18,19,55,0,807,1307,1319,1329,55,1048,2147,2093,2147,2468,4595,1007,960,0,2682,4711,961,892,302,6699,123,647,0,4616,4613,4613,0
12,69,7009,71573,6016,19,18,57,0,826,1326,1338,1348,57,1005,2055,2088,2055,2891,4881,884,971,0,2860,4893,971,900,410,6920,152,745,0,4926,5203,5203,310
12,70,7109,72580,6016,20,22,61,0,846,1346,1358,1368,61,1058,2228,2217,2228,2802,5065,949,825,0,2790,4680,825,887,294,6969,141,699,0,4736,4622,4622,280
12,71,7216,73589,6016,22,21,59,0,868,1368,1380,1390,59,1117,2190,2238,2190,2773,5058,782,834,0,2902,4733,834,817,440,6865,160,652,0,4569,4624,4624,171
12,72,7316,74605,6016,18,17,54,0,886,1386,1398,1408,54,935,1972,1961,1972,2654,4600,793,875,0,2592,4478,875,842,335,7052,119,667,0,4482,4319,4319,30
12,73,7400,75630,6016,7,12,29,0,893,1393,1405,1415,29,666,1350,1217,1350,1747,3145,778,740,0,1598,3123,740,631,307,7112,127,488,0,3425,3282,3282,261
12,74,7495,76676,6016,32,23,64,0,925,1425,1437,1447,64,1147,2168,2363,2168,2421,4250,792,820,0,2629,4490,820,859,440,7440,102,1126,0,4087,4221,4221,48
12,75,7589,77685,6016,20,20,60,0,945,1445,1457,1467,60,1174,2329,2314,2329,3190,6064,893,956,0,2782,4682,955,777,367,7044,168,566,0,5218,4922,4922,353
12,76,7686,78708,6016,21,20,64,0,966,1466,1478,1488,64,1121,2189,2337,2190,3082,5246,979,794,0,3054,5103,795,1083,337,7279,159,846,0,4967,4837,4837,234
12,77,7787,79711,6016,26,26,63,0,992,1492,1504,1514,63,1215,2437,2412,2436,2804,5073,1037,878,0,2937,4988,877,994,489,7455,153,989,0,4898,5057,5057,327
12,78,7890,80722,6016,8,11,24,0,1000,1500,1511,1521,24,516,1079,972,1080,1979,3615,1113,407,0,1381,2314,408,442,341,7052,157,325,0,3680,3104,3104,1143
12,79,7982,81773,6016,6,3,20,12,1006,1506,1518,1528,20,164,264,544,263,325,325,1081,772,0,971,3186,772,1209,23,7437,14,869,0,2201,2754,2009,1
12,80,8069,82787,6016,5,5,27,11,1011,1511,1523,1533,27,487,970,1000,971,1792,2705,802,430,0,1558,2441,430,306,610,7691,248,1009,0,3224,3497,3497,1062
5,0,102,1028,4608,3,10,50,0,1,4,16,26,50,869,1707,1819,1707,2237,3566,534,483,0,2012,3065,483,416,268,217,138,490,0,3454,3122,3122,57
5,1,205,2088,4736,22,15,52,0,1,26,38,48,52,834,1704,1822,1704,2757,4516,757,646,0,2189,3691,646,718,286,214,78,553,0,4340,3450,3450,0
5,2,308,3096,4864,14,14,35,0,1,40,52,62,35,835,1491,1500,1491,2470,3653,753,722,0,2395,3993,721,717,362,691,139,870,0,4104,4273,4273,280
5,3,409,4105,4992,26,26,66,0,1,66,78,88,66,1281,2538,2535,2538,3176,5837,783,769,0,3215,5013,770,857,305,684,93,745,0,4902,4838,4838,118
5,4,513,5118,5120,17,17,47,0,1,83,95,105,47,977,1868,1870,1867,2686,4397,879,785,0,2942,4674,785,776,333,1027,75,904,0,4530,4611,4611,55
5,5,612,6139,5120,20,20,50,0,1,103,115,125,50,1024,1961,1974,1961,2720,5124,699,824,0,2238,4034,824,794,207,757,68,474,0,4367,3964,3964,37
5,6,710,7151,5120,19,19,65,0,1,122,134,144,65,1049,2295,2284,2295,2885,4916,1040,975,0,2934,4921,974,848,380,1050,169,727,0,5079,4990,4990,112
5,7,808,8184,5120,16,17,58,0,1,138,150,160,58,969,2146,2071,2145,2718,4823,913,892,0,2920,5056,893,1061,358,1157,103,694,0,4569,4869,4869,1
5,8,901,9195,5120,27,28,80,0,1,165,177,187,80,1290,2767,2810,2767,3148,5718,952,907,0,3289,5313,907,939,260,1379,81,934,0,5187,5337,5337,48
5,9,993,10218,5120,19,17,49,0,1,184,196,206,49,945,1917,1876,1917,2368,4514,761,619,0,2478,3929,619,671,356,1183,103,664,0,3908,4077,4077,213
5,10,1100,11257,5120,13,13,27,0,1,197,209,219,27,701,1267,1214,1267,2230,3631,680,706,0,2091,3621,706,649,283,1479,89,719,0,3232,3414,3414,122
5,11,1212,12261,5120,9,9,24,0,1,206,218,228,24,526,1025,982,1026,2223,3486,517,387,0,1427,2429,387,490,173,1608,47,438,0,3227,2633,2633,326
5,12,1310,13274,5248,19,19,63,0,1,225,237,247,63,1068,2201,2265,2201,2832,4846,642,743,0,2761,4365,743,669,268,1705,81,689,0,4397,4290,4290,268
5,13,1412,14296,5248,17,18,57,0,1,242,254,264,57,1175,2295,2258,2294,2447,4615,707,904,0,2826,4677,904,768,346,1979,103,779,0,4218,4486,4486,77
5,14,1515,15307,5248,22,21,54,0,1,264,276,286,54,1076,2089,2102,2089,2789,4983,1102,877,0,2701,4786,877,1035,219,1993,103,687,0,4948,4726,4726,36
5,15,1615,16311,5376,20,20,59,0,1,284,296,306,59,1025,2168,2146,2168,3059,5174,884,818,0,2727,4536,818,821,412,1987,146,718,0,4921,4751,4751,289
5,16,1717,17321,5376,23,27,74,0,1,307,319,329,74,1210,2645,2616,2646,3010,5746,845,870,0,3047,4997,870,916,212,1892,66,598,0,4905,4913,4913,205
5,17,1817,18329,5376,26,23,70,0,1,333,345,355,70,1252,2500,2582,2499,2885,5134,829,1061,0,3031,5082,1061,803,402,2161,117,931,0,4955,5006,5006,129
5,18,1917,19344,5376,16,15,40,0,1,349,361,371,40,941,1721,1701,1721,2285,3940,847,843,0,2526,4406,843,879,262,2383,92,977,0,4155,4521,4521,296
5,19,2019,20351,5376,22,23,50,0,1,371,383,393,50,982,1943,1932,1944,2628,5037,962,950,0,2456,4435,950,850,370,2253,126,498,0,4700,4479,4479,341
5,20,2097,21374,5504,4,6,13,0,1,375,385,395,13,280,630,527,630,1162,1947,1437,285,0,756,1313,285,230,405,2141,192,242,0,3064,3280,3010,2044
5,21,2200,22574,5504,7,4,33,12,1,382,394,404,33,422,740,1049,739,1891,2794,698,1151,0,1609,4135,1151,1118,194,2309,50,388,0,3596,2537,2262,171
5,22,2308,23658,5504,14,13,36,0,1,396,408,418,36,622,1463,1306,1463,2443,3744,964,891,0,2368,4229,891,778,301,2875,125,548,0,4239,3833,3833,123
5,23,2404,24678,5504,12,14,36,0,1,408,420,430,36,685,1381,1369,1380,1947,3419,807,746,0,1842,3602,747,842,144,3068,59,446,0,3676,3587,3587,108
5,24,2504,25686,5504,14,17,69,0,1,422,434,444,69,939,2172,2250,2172,3086,5227,796,828,0,2549,4258,827,710,402,3310,188,555,0,4869,4486,4487,351
5,25,2606,26694,5504,24,19,69,0,1,446,458,468,69,1198,2422,2509,2422,2796,5290,893,799,0,3119,5049,800,949,266,3261,77,571,0,4669,4959,4959,260
5,26,2711,27713,5632,25,25,74,0,1,471,483,493,74,1218,2528,2624,2527,2937,5609,924,900,0,2928,4875,900,884,460,3191,216,529,0,4939,4982,4982,367
5,27,2804,28721,5632,25,25,58,0,1,496,508,518,58,1309,2493,2411,2493,2630,4695,998,809,0,3403,5411,809,1017,391,3521,91,875,0,4596,5292,5292,248
5,28,2891,29729,5632,22,22,63,0,18,518,530,540,63,1291,2401,2488,2401,2984,5446,772,923,0,2805,4771,923,867,331,3558,142,901,0,4859,4587,4587,64
5,29,2989,30737,5632,24,24,73,0,42,542,554,564,73,1256,2641,2643,2641,2875,5633,1081,938,0,3107,5166,937,951,423,3285,169,786,0,5073,5314,5314,212
5,30,3086,31745,5632,23,23,57,0,65,565,577,587,57,1128,2257,2211,2257,2785,5208,801,904,0,2846,4771,904,856,366,3292,116,574,0,4670,5012,5012,453
5,31,3187,32753,5632,22,23,67,0,87,587,599,609,67,1291,2591,2564,2591,3354,5796,846,1002,0,3116,5234,1003,923,409,3593,188,696,0,5361,4781,4781,0
5,32,3286,33761,5632,15,15,47,0,102,602,614,624,47,834,1684,1727,1684,2243,4171,816,693,0,1987,3517,692,689,243,3612,99,495,0,3931,3945,3945,428
5,33,3393,34770,5632,23,23,57,0,125,625,637,647,57,1185,2287,2268,2287,2936,5219,958,1053,0,3010,5230,1054,977,348,3677,112,480,0,5128,5084,5084,282
5,34,3482,35776,5632,25,25,69,0,150,650,662,672,69,1172,2438,2483,2438,2708,5024,828,856,0,2821,4705,855,854,377,3881,108,726,0,4501,4514,4514,114
5,35,3588,36802,5632,24,23,64,0,174,674,686,696,64,1253,2457,2469,2457,3406,5959,1107,945,0,2890,5150,945,1138,181,3764,74,648,0,5327,5067,5067,66
5,36,3683,37817,5760,16,16,48,0,190,690,702,712,48,1036,1963,1948,1963,2542,4449,821,776,0,2406,4143,777,783,139,3988,52,689,0,4320,4047,4047,0
5,37,3770,38848,5760,21,21,57,0,211,711,723,733,57,974,2081,2057,2081,2718,4958,988,792,0,2819,4643,791,857,334,3957,124,505,0,4677,4870,4870,276
5,38,3876,39936,5760,12,12,40,0,223,723,735,745,40,629,1318,1389,1318,1688,3084,659,685,0,1865,3437,686,727,198,4036,74,499,0,3193,3368,3368,232
5,39,3978,40949,5760,24,24,70,0,247,747,759,769,70,1161,2494,2491,2494,3230,5520,804,1048,0,3010,5137,1048,895,290,4221,66,700,0,5262,4921,4921,16
5,40,4102,41983,5888,6,6,23,8,253,753,765,775,23,353,651,790,652,1744,2268,797,795,0,1543,2711,795,241,329,4362,115,994,0,3516,3263,2847,219
5,41,4232,43223,5888,17,17,47,0,270,770,782,792,47,605,1406,1498,1407,3126,5213,1063,1214,0,2494,5092,1214,1169,419,4544,155,524,0,4409,4350,4350,398
5,42,4331,44228,5888,12,15,62,0,282,782,794,804,62,983,2157,2161,2156,2548,4423,799,742,0,2647,4410,741,850,391,4835,132,809,0,4268,4356,4356,346
5,43,4433,45234,5888,27,24,67,0,309,809,821,831,67,1269,2513,2542,2512,3249,5993,1057,996,0,3044,5280,997,1052,385,4528,117,612,0,5467,4982,4982,59
5,44,4531,46249,5888,21,21,57,0,330,830,842,852,57,1165,2224,2248,2224,2540,4762,787,879,0,2941,4892,879,901,225,4756,74,638,0,4366,4833,4833,0
5,45,4630,47261,5888,17,17,51,0,347,847,859,869,51,1053,2121,2022,2121,2890,4839,1040,914,0,2719,4629,913,838,397,5028,135,711,0,5018,4868,4868,327
5,46,4729,48273,5888,25,24,57,0,372,872,884,894,57,1098,2178,2181,2178,2751,5301,875,950,0,3055,5160,951,973,395,4926,157,609,0,4704,4984,4984,151
5,47,4832,49290,5888,18,20,74,0,390,890,902,912,74,1179,2605,2585,2605,3468,6022,1006,1079,0,3131,5410,1079,1021,298,4939,112,640,0,5713,5398,5398,139
5,48,4945,50323,5888,21,19,59,0,411,911,923,933,59,1131,2168,2252,2169,2884,5066,846,959,0,2533,4405,959,749,348,4951,141,710,0,4869,4702,4702,436
5,49,5043,51336,5888,23,23,60,0,434,934,946,956,60,1041,2244,2181,2243,2650,4671,973,916,0,2906,4939,916,937,379,5390,210,870,0,4719,4768,4768,434
5,50,5146,52337,5888,24,24,60,0,458,958,970,980,60,1263,2483,2403,2483,3014,5652,990,927,0,3530,5743,927,1104,306,5410,123,635,0,5091,5412,5412,103
5,51,5243,53348,5888,16,16,46,0,474,974,986,996,46,945,1791,1819,1791,2324,3966,627,691,0,2392,3980,691,722,275,5717,135,812,0,3822,3902,3902,25
5,52,5354,54357,5888,25,26,71,0,499,999,1011,1021,71,1185,2513,2534,2513,3324,6106,1120,1131,0,3102,5512,1131,1104,376,5611,92,564,0,5755,5535,5535,66
5,53,5452,55375,5888,16,18,54,0,515,1015,1027,1037,54,1030,1997,2056,1998,2375,4213,905,731,0,2791,4552,731,860,273,5813,146,782,0,4190,4635,4635,161
5,54,5551,56398,6016,11,13,26,0,526,1026,1038,1048,26,799,1347,1293,1347,2347,3766,1052,809,0,2256,4331,809,1093,260,5930,84,694,0,4321,4182,4182,36
5,55,5649,57404,6016,23,18,38,2,549,1049,1061,1071,38,818,1497,1540,1496,2041,3763,715,666,0,1980,3441,666,631,323,5867,91,512,0,3602,3640,3640,241
5,56,5752,58413,6016,26,26,64,0,575,1075,1087,1097,64,1285,2511,2501,2511,2771,5190,914,909,0,2996,4989,908,905,415,5977,104,594,0,4772,4870,4870,123
5,57,5856,59424,6016,21,21,64,0,596,1096,1108,1118,64,1163,2416,2379,2416,2945,5164,914,863,0,2804,4812,864,972,348,6115,75,754,0,4903,4736,4736,79
5,58,5954,60429,6016,22,22,61,0,618,1118,1130,1140,61,1081,2213,2240,2213,2572,4858,805,758,0,2625,4256,758,707,359,6146,132,708,0,4278,4322,4322,148
5,59,6054,61438,6016,7,9,29,0,625,1125,1137,1147,29,444,1058,995,1059,2169,3438,693,386,0,1229,2078,386,377,314,5927,102,434,0,3408,3777,3747,1817
5,60,6162,62530,6016,12,10,33,4,637,1137,1149,1159,33,611,1058,1238,1057,2298,2805,929,1283,0,2280,4705,1283,940,223,6801,58,1165,0,4549,4028,3080,192
5,61,6256,63545,6016,19,22,63,0,656,1156,1168,1178,63,950,2169,2147,2169,2964,5546,771,725,0,2848,4507,725,753,302,6567,197,730,0,4640,4398,4398,83
5,62,6352,64553,6016,21,18,57,0,677,1177,1189,1199,57,1191,2211,2274,2211,2664,4854,1066,955,0,2692,4804,955,984,323,6638,141,829,0,4865,4871,4871,150
5,63,6449,65580,6016,24,26,55,0,701,1201,1213,1223,55,1152,2218,2197,2218,3027,5567,654,931,0,2805,4694,931,786,340,6444,107,486,0,4706,4532,4532,10
5,64,6545,66589,6016,27,25,65,0,728,1228,1240,1250,65,1154,2308,2389,2308,2500,4402,798,880,0,2704,4565,880,803,321,6810,122,973,0,4358,4537,4537,39
5,65,6646,67596,6016,14,16,59,0,742,1242,1254,1264,59,1037,2237,2158,2237,3085,5494,881,843,0,2726,4622,843,881,329,6755,156,722,0,4969,4608,4608,33
5,66,6754,68627,6016,25,24,72,0,767,1267,1279,1289,72,1165,2516,2533,2517,3211,5643,1045,959,0,3322,5442,959,986,318,6926,152,823,0,5274,5518,5518,109
5,67,6858,69651,6016,21,20,53,0,788,1288,1300,1310,53,1116,2087,2123,2086,2862,5119,991,964,0,2689,4739,964,910,299,6759,134,689,0,4997,4728,4728,164
5,68,6963,70667,6016,18,18,54,0,806,1306,1318,1328,54,1048,2143,2074,2144,2863,5161,1028,800,0,2777,4698,800,962,375,6562,172,465,0,4871,5079,5079,566
5,69,7069,71676,6016,16,19,45,0,822,1322,1334,1344,45,1001,1830,1856,1830,2646,4007,1036,1007,0,3012,5254,1007,1053,330,7159,147,966,0,4842,4983,4983,303
5,70,7177,72694,6016,24,21,57,0,846,1346,1358,1368,57,1107,2164,2190,2164,2590,5005,719,856,0,3049,4913,856,826,370,7178,150,840,0,4253,4550,4550,0
5,71,7278,73700,6016,22,22,55,0,868,1368,1380,1390,55,1021,2031,2066,2031,2894,4987,809,753,0,2776,4411,753,727,369,7162,87,813,0,4597,4411,4411,0
5,72,7383,74714,6144,15,15,46,0,883,1383,1395,1405,46,838,1687,1712,1687,2611,4385,950,778,0,2395,4079,777,755,370,7211,103,751,0,4518,4650,4650,624
5,73,7477,75722,6144,8,15,29,0,891,1391,1403,1413,29,726,1403,1277,1403,1924,3578,509,615,0,1967,3434,616,691,283,7159,126,378,0,3208,3084,3084,276
5,74,7576,76727,6144,28,21,53,0,919,1419,1431,1441,53,1200,2110,2207,2109,2392,4396,923,835,0,2531,4519,835,969,145,7185,52,581,0,4310,4332,4332,89
5,75,7676,77731,6144,23,24,62,0,942,1442,1454,1464,62,1239,2428,2417,2428,3002,5115,984,1026,0,3085,5193,1026,907,279,7565,102,885,0,5191,5166,5166,66
5,76,7790,78752,6144,26,25,71,0,968,1468,1480,1490,71,1213,2587,2562,2587,3548,6239,1028,934,0,3361,5464,934,1002,470,7440,166,764,0,5674,5647,5647,278
5,77,7894,79766,6144,24,24,70,0,992,1492,1504,1514,70,1204,2499,2534,2499,3090,5576,920,903,0,3248,5287,903,956,291,7671,89,812,0,5062,5104,5104,95
5,78,7998,80772,6144,8,11,28,0,1000,1500,1506,1516,28,657,1286,1189,1287,1904,3609,956,576,0,1651,2812,576,473,331,7330,168,296,0,3616,3799,3799,1082
5,79,8094,81878,6144,1,0,8,1,1001,1501,1513,1523,8,96,148,248,147,386,386,1270,1209,0,770,2748,1209,600,46,7752,27,544,0,2787,3460,1488,38
5,80,8184,82890,6144,5,3,24,7,1006,1506,1518,1528,24,576,1023,1032,1024,1428,2382,481,344,0,1352,2266,344,415,378,7716,109,622,0,2413,2549,2549,326
17,0,106,1023,4736,15,15,68,0,1,16,28,38,68,1204,2217,2496,2218,2624,4232,621,670,0,2451,3897,670,612,349,418,128,888,0,4095,4065,4065,168
17,1,225,2120,4864,13,15,40,0,1,29,41,51,40,864,1680,1624,1679,2715,4787,701,742,0,2359,3910,742,647,349,168,69,440,0,4056,3766,3766,90
17,2,326,3150,4864,20,19,58,0,1,49,61,71,58,1022,2079,2124,2078,2547,4344,961,762,0,2655,4537,762,954,351,507,131,769,0,4358,4594,4594,147
17,3,431,4158,4864,25,24,61,0,1,74,86,96,61,1156,2332,2315,2332,2801,5346,940,838,0,2737,4660,838,905,324,380,96,539,0,4756,4565,4565,52
17,4,536,5165,4992,9,9,44,0,1,83,95,105,44,842,1673,1678,1674,2404,3833,728,569,0,2496,3882,569,657,282,698,98,788,0,3881,4243,4243,413
17,5,632,6172,4992,26,26,63,0,1,109,121,131,63,1122,2292,2319,2292,2733,5087,771,850,0,2865,4685,850,792,365,783,170,752,0,4533,4521,4521,249
17,6,731,7181,4992,19,20,57,0,1,128,140,150,57,952,2057,2035,2056,2786,4886,977,826,0,2775,4750,826,978,212,915,76,688,0,4749,4501,4501,0
17,7,822,8189,5120,19,18,59,0,1,147,159,169,59,1043,2159,2164,2159,2563,4627,887,793,0,2548,4276,793,769,381,915,154,788,0,4423,4460,4460,184
17,8,922,9203,5120,23,24,69,0,1,170,182,192,69,1116,2447,2427,2447,3391,6236,1013,907,0,3309,5464,907,1069,347,877,139,657,0,5454,5542,5542,262
17,9,1048,10250,5248,16,14,52,0,1,186,198,208,52,858,1826,1846,1825,2627,4551,821,621,0,2523,4072,620,758,233,822,80,579,0,4228,3985,3985,186
17,10,1153,11300,5248,11,11,30,0,1,197,209,219,30,751,1361,1321,1361,1859,3215,691,699,0,2101,3627,699,662,313,1067,83,544,0,3409,3369,3369,116
17,11,1236,12312,5248,14,14,33,8,1,211,223,233,33,615,1246,1242,1246,1636,2757,644,546,0,1590,2914,547,624,217,1419,87,665,0,2987,2802,2802,4
17,12,1330,13320,5248,21,22,64,0,1,232,244,254,64,1153,2367,2369,2367,2896,5266,748,676,0,2767,4290,676,679,425,1306,152,664,0,4500,4500,4500,219
17,13,1426,14325,5248,21,20,58,0,1,253,265,275,58,1122,2265,2224,2265,2726,4998,741,796,0,2942,4713,795,803,312,1456,101,616,0,4436,4598,4598,104
17,14,1517,15336,5248,16,20,59,0,1,269,281,291,59,1015,2196,2136,2196,2757,4938,703,753,0,2515,4071,754,631,281,1449,76,571,0,4318,4013,4013,66
17,15,1614,16345,5248,23,19,59,0,1,292,304,314,59,1151,2230,2272,2230,2620,4618,797,794,0,2631,4389,794,791,231,1789,93,845,0,4391,4285,4285,0
17,16,1715,17364,5376,28,29,61,0,1,320,332,342,61,1290,2439,2449,2439,2801,5577,850,963,0,2863,4859,963,861,271,1459,83,527,0,4774,5026,5026,175
17,17,1820,18405,5376,24,23,65,0,1,344,356,366,65,1122,2269,2357,2268,3013,4965,688,930,0,2824,4682,930,755,409,1757,195,960,0,4614,4699,4699,215
17,18,1928,19415,5376,16,16,42,0,1,360,372,382,42,929,1736,1727,1737,2654,4744,945,876,0,2466,4352,876,833,291,1765,135,597,0,4635,4206,4206,69
17,19,2039,20426,5376,15,16,48,0,1,375,387,397,48,863,1822,1775,1821,2465,4203,872,826,0,2566,4381,826,812,356,2090,125,634,0,4343,4344,4344,32
17,20,2163,21489,5376,0,6,15,11,1,375,387,397,15,103,225,388,226,2123,2521,990,476,0,704,1608,476,308,236,2036,95,624,0,3470,2906,2906,1469
17,21,2274,22594,5504,4,1,20,8,1,379,391,401,20,503,1008,883,1007,1610,2166,986,1141,0,1863,4104,1141,923,383,2707,137,950,0,3813,3536,2998,562
17,22,2371,23603,5504,15,11,21,0,1,394,406,416,21,670,1101,1069,1102,2119,3388,1076,863,0,2078,4114,863,999,479,3132,181,751,0,4218,4013,4013,461
17,23,2471,24612,5632,9,15,34,0,1,403,415,425,34,746,1474,1392,1473,2563,4253,694,751,0,2362,4112,751,813,397,3367,164,453,0,4188,3968,3968,317
17,24,2565,25629,5632,30,19,59,0,1,433,445,455,59,1028,2121,2149,2121,3260,5506,796,754,0,3055,4960,753,976,190,3463,61,507,0,4957,4807,4807,202
17,25,2662,26653,5632,17,16,45,0,1,450,462,472,45,1277,2191,2132,2190,2570,4309,745,751,0,3002,4698,752,756,482,3930,182,1118,0,4233,4465,4465,0
17,26,2759,27656,5632,23,23,56,0,1,473,485,495,56,1060,2091,2124,2092,2976,5563,939,760,0,2517,4192,760,761,504,3671,231,655,0,4855,4874,4874,682
17,27,2864,28666,5632,27,27,56,0,1,500,512,522,56,1403,2447,2467,2446,3069,5509,1079,1125,0,3285,5776,1125,1179,260,3844,97,682,0,5433,5240,5240,146
17,28,2960,29674,5760,29,28,71,0,29,529,541,551,71,1286,2604,2635,2604,3117,5663,1057,977,0,3001,5270,977,1113,293,3802,122,771,0,5331,5158,5158,44
17,29,3069,30701,5760,20,20,63,0,49,549,561,571,63,1281,2525,2478,2525,2777,5351,1143,1166,0,3232,5601,1166,1026,416,3812,170,675,0,5179,5489,5489,27
17,30,3165,31712,5760,27,27,65,0,76,576,588,598,65,1124,2285,2359,2286,2780,5118,861,833,0,2926,4833,833,904,241,3846,69,696,0,4634,4960,4960,164
17,31,3262,32717,5888,15,15,52,0,91,591,603,613,52,1172,2259,2160,2258,2770,5078,635,712,0,2844,4390,712,655,259,3992,54,697,0,4297,4307,4307,81
17,32,3370,33740,5888,22,17,57,0,113,613,625,635,57,970,2044,2053,2044,2823,4843,907,972,0,2479,4492,971,868,394,4020,145,730,0,4879,4555,4555,154
17,33,3469,34743,5888,23,23,54,0,136,636,648,658,54,1147,2189,2173,2189,2569,4851,823,832,0,2581,4489,833,902,164,3944,61,621,0,4405,4398,4398,79
17,34,3569,35751,5888,24,24,71,0,160,660,672,682,71,1216,2507,2565,2507,2914,5196,734,903,0,2878,4691,903,728,237,4292,117,929,0,4711,4594,4594,7
17,35,3680,36796,5888,22,22,72,0,182,682,694,704,72,1215,2608,2583,2608,3877,6463,1065,983,0,3016,5154,982,983,383,4330,193,926,0,6104,5228,5228,88
17,36,3778,37808,5888,15,16,56,0,197,697,709,719,56,992,2094,2056,2094,2628,5034,599,825,0,3196,4879,826,684,372,4208,111,576,0,4233,4925,4925,134
17,37,3882,38883,5888,14,13,40,0,211,711,723,733,40,874,1590,1634,1589,2497,4132,804,959,0,2548,4456,959,770,198,4425,57,604,0,4291,4086,4086,54
17,38,3988,39940,5888,12,17,34,3,223,723,735,745,34,683,1312,1329,1312,1717,3226,557,580,0,1646,2901,580,522,168,4459,81,425,0,3014,3087,3088,244
17,39,4089,40956,5888,27,23,53,0,250,750,760,770,53,1169,2281,2176,2282,2413,4476,728,905,0,2867,4645,905,691,317,4796,84,538,0,4225,4443,4443,42
17,40,4173,42044,5888,5,4,12,1,255,755,767,777,12,170,220,398,220,1095,1386,759,655,0,908,1949,655,226,343,4847,88,644,0,2373,2395,2371,695
17,41,4276,43070,5888,17,18,42,0,272,772,784,794,42,817,1653,1615,1653,2362,4052,953,874,0,2388,4710,874,1240,212,5027,116,585,0,4205,3928,3928,22
17,42,4374,44084,5888,20,20,61,0,292,792,804,814,61,1027,1984,2186,1984,3123,5248,1093,915,0,2423,4518,915,1010,318,5055,132,646,0,5330,4773,4773,285
17,43,4478,45115,5888,22,21,64,0,314,814,826,836,64,1308,2598,2524,2599,3147,5487,993,1059,0,3075,5345,1059,1034,223,5276,113,830,0,5379,5198,5198,138
17,44,4573,46140,5888,20,20,68,0,334,834,846,856,68,1174,2385,2466,2384,2555,5003,918,775,0,2727,4562,775,882,337,5220,126,848,0,4428,4584,4584,161
17,45,4671,47155,5888,17,22,50,0,351,851,863,873,50,1027,2125,1977,2125,2737,4903,894,918,0,2825,4701,918,781,461,5282,220,659,0,4709,4629,4629,174
17,46,4774,48171,5888,20,15,57,0,371,871,883,893,57,1140,2159,2223,2160,2594,4816,907,696,0,2768,4566,696,930,233,5167,127,660,0,4376,4523,4523,146
17,47,4871,49180,5888,26,26,72,0,397,897,909,919,72,1191,2497,2559,2497,2916,5233,809,1022,0,2831,4954,1022,930,327,5474,131,902,0,4907,4840,4840,60
17,48,4971,50196,5888,14,21,47,0,411,911,923,933,47,1118,2206,2011,2206,2626,4942,859,855,0,2733,4616,855,852,158,5347,36,597,0,4520,4472,4472,41
17,49,5072,51233,5888,31,20,53,0,442,942,954,964,53,1131,2094,2138,2094,2806,5026,891,731,0,2895,4681,731,876,239,5447,73,802,0,4581,4704,4704,172
17,50,5163,52248,6016,17,20,52,0,459,959,971,981,52,1095,2245,2083,2245,2754,5164,934,749,0,2841,4614,748,852,332,5374,99,665,0,4616,4686,4686,244
17,51,5263,53341,6016,16,14,53,0,475,975,987,997,53,945,2037,1952,2037,3048,4976,760,808,0,2667,4486,809,824,170,5854,50,689,0,4817,4252,4252,97
17,52,5354,54342,6016,27,27,62,0,502,1002,1014,1024,62,1258,2338,2436,2339,2836,5089,829,738,0,2847,4498,738,746,380,5923,121,872,0,4563,4680,4680,279
17,53,5445,55365,6016,17,18,55,0,519,1019,1031,1041,55,936,2110,1981,2109,2648,4755,878,709,0,2639,4348,709,831,454,6052,214,746,0,4415,4481,4481,418
17,54,5549,56369,6016,10,10,34,0,529,1029,1041,1051,34,714,1282,1360,1283,1896,3170,855,627,0,2093,3730,627,844,264,6273,77,832,0,3538,3427,3427,136
17,55,5646,57388,6016,22,22,48,0,551,1051,1063,1073,48,1060,1928,1972,1928,2663,5046,684,643,0,2552,4118,643,725,435,5980,86,585,0,4165,4009,4009,124
17,56,5758,58493,6016,30,22,66,0,581,1081,1093,1103,66,1199,2295,2453,2294,2677,4949,937,865,0,2832,4746,864,879,289,6161,130,771,0,4654,4738,4738,116
17,57,5855,59506,6016,22,22,57,0,603,1103,1115,1125,57,1146,2229,2229,2229,3225,5767,981,933,0,2815,5040,934,1115,299,5919,85,506,0,5290,4977,4977,105
17,58,5955,60514,6016,19,20,46,0,622,1122,1134,1144,46,985,1892,1859,1892,2736,4584,846,834,0,2399,4054,834,662,298,6114,128,522,0,4596,4521,4520,571
17,59,6050,61623,6016,3,2,1,0,625,1125,1137,1147,1,133,237,152,237,1365,1860,1128,287,0,643,1161,287,186,412,5988,145,363,0,2584,3056,2199,2044
17,60,6169,62671,6144,12,8,29,0,637,1137,1149,1159,29,743,1208,1294,1209,2875,3784,1080,1533,0,2958,5837,1533,1084,422,6696,139,856,0,5429,5347,4900,1107
17,61,6276,63698,6144,34,34,59,0,671,1171,1183,1193,59,1174,2427,2295,2426,2888,5061,1521,1191,0,3892,6918,1191,1625,450,7298,215,1003,0,5780,5953,5953,194
17,62,6374,64726,6144,16,23,56,0,687,1187,1199,1209,56,1189,2351,2253,2352,3203,5964,975,845,0,3055,5094,845,1010,291,7037,122,534,0,5196,4960,4960,94
17,63,6474,65776,6144,24,20,71,0,711,1211,1223,1233,71,1193,2465,2542,2466,3183,5652,1030,921,0,3180,5237,921,958,481,7106,188,607,0,5314,5171,5171,28
17,64,6582,66788,6144,25,22,59,0,736,1236,1248,1258,59,1028,2041,2149,2040,2755,4891,764,897,0,2608,4590,896,917,221,7161,53,620,0,4585,4580,4580,42
17,65,6681,67830,6144,17,17,46,0,753,1253,1265,1275,46,1180,2070,2054,2070,2530,4566,783,760,0,2709,4437,761,783,214,7136,91,657,0,4224,4300,4300,0
17,66,6782,68836,6144,23,23,59,0,776,1276,1288,1298,59,1138,2287,2259,2288,2744,4995,981,952,0,2863,4843,952,860,284,7243,151,670,0,4857,5162,5162,319
17,67,6883,69849,6144,26,26,70,0,802,1302,1314,1324,70,1080,2355,2410,2354,3256,5779,794,997,0,2795,4816,997,850,270,7213,148,557,0,5226,4610,4610,113
17,68,6977,70862,6144,15,15,51,0,817,1317,1329,1339,51,999,2044,1968,2044,2690,4694,920,887,0,2386,4357,887,913,352,7360,134,521,0,4677,4540,4540,296
17,69,7076,71883,6144,23,23,55,0,840,1340,1352,1362,55,1089,2068,2134,2068,2757,4608,1014,733,0,2953,4849,733,982,363,7550,124,804,0,4684,4730,4730,177
17,70,7180,72890,6144,20,24,61,0,860,1360,1372,1382,61,1136,2354,2295,2354,3293,5828,880,891,0,3014,5079,891,1004,345,7576,106,563,0,5220,4913,4913,66
17,71,7270,73909,6144,18,15,55,0,878,1378,1390,1400,55,957,2026,2002,2026,2508,4302,814,796,0,2616,4309,796,720,271,7842,89,772,0,4277,4374,4374,157
17,72,7362,74921,6144,15,15,45,0,893,1393,1405,1415,45,781,1591,1636,1591,2385,4127,584,755,0,2283,3790,755,594,374,7854,128,665,0,3884,3620,3620,0
17,73,7461,75929,6144,16,16,44,0,909,1409,1421,1431,44,846,1665,1682,1666,2277,3908,740,796,0,2011,3706,796,736,281,8036,116,717,0,3973,3883,3883,177
17,74,7569,76932,6144,28,27,73,0,937,1437,1449,1459,73,1277,2622,2664,2621,3239,5751,1144,899,0,3062,5219,899,1079,380,8061,103,869,0,5462,5213,5213,171
17,75,7667,77946,6144,18,20,58,0,955,1455,1467,1477,58,1121,2247,2223,2247,2974,5444,642,946,0,2818,4649,945,719,346,8072,137,662,0,4687,4693,4693,234
17,76,7760,78948,6144,23,21,67,0,978,1478,1490,1500,67,1191,2393,2464,2393,2855,5261,886,799,0,3067,4943,800,905,269,7982,74,720,0,4701,4958,4958,249
17,77,7860,79950,6144,16,21,53,0,994,1494,1506,1516,53,1184,2325,2191,2326,2961,5313,784,821,0,2702,4410,821,712,306,8025,131,559,0,4746,4333,4333,172
17,78,7947,80960,6144,6,3,6,0,1000,1500,1510,1520,6,65,149,179,149,1188,1514,786,65,0,259,423,65,81,285,7850,102,412,0,2219,2953,2295,2044
17,79,8087,82156,6144,6,4,29,11,1006,1506,1518,1528,29,286,604,837,603,1656,2216,813,1565,0,1984,4358,1565,547,738,8499,183,942,0,3744,3202,2314,0
9,0,112,1036,4608,12,12,62,0,1,13,25,35,62,925,1836,2103,1836,2367,3845,637,613,0,2097,3441,613,577,189,248,75,624,0,3817,3441,3441,0
9,1,216,2061,4736,16,18,49,0,1,29,41,51,49,969,1874,1900,1874,2722,4579,972,889,0,2543,4420,888,821,269,388,132,668,0,4742,4414,4414,9
9,2,323,3075,4864,12,12,33,0,1,41,53,63,33,754,1472,1381,1472,1987,2984,842,685,0,2213,3936,686,886,268,932,122,1054,0,3670,3920,3920,33
9,3,428,4083,4864,20,21,51,0,1,61,73,83,51,1222,2206,2191,2206,2740,5067,879,829,0,2570,4389,829,812,308,762,118,918,0,4628,4529,4529,173
9,4,526,5103,4864,22,19,47,0,1,83,95,105,47,960,1779,1853,1778,2704,4611,699,818,0,2538,4247,818,713,252,902,104,876,0,4346,4055,4055,0
9,5,625,6124,4864,14,17,46,0,1,97,109,119,46,1052,1991,1926,1991,2586,4916,825,744,0,2642,4419,744,862,305,587,110,472,0,4315,4519,4519,180
9,6,719,7147,4992,24,21,51,0,1,121,133,143,51,1037,1961,2006,1961,2272,4036,882,847,0,2675,4497,847,811,240,893,102,714,0,4071,4393,4393,140
9,7,820,8154,4992,15,15,49,0,1,136,148,158,49,947,1898,1878,1899,2607,4461,809,839,0,2757,4590,839,798,316,1064,128,893,0,4435,4512,4512,62
9,8,916,9214,5120,29,28,67,0,1,165,177,187,67,1323,2648,2596,2648,3103,5945,893,844,0,3101,5007,844,884,372,943,116,647,0,5020,4971,4971,26
9,9,1015,10236,5376,12,10,34,5,1,177,184,194,34,863,1516,1509,1517,2755,3727,798,675,0,2472,3949,675,662,768,1143,214,1184,0,4388,4723,4719,797
9,10,1120,11247,5504,13,15,37,11,1,190,202,212,37,692,1404,1395,1403,2168,3998,979,873,0,2466,4411,873,895,387,1312,126,749,0,4200,4376,4376,810
9,11,1246,12250,5504,6,5,25,9,1,196,208,218,25,637,994,1112,994,943,1953,439,504,0,1791,3096,504,640,139,1270,40,851,0,2006,2322,2322,36
9,12,1344,13254,5504,27,25,53,0,1,223,235,245,53,971,2175,1978,2175,2950,5168,822,691,0,2710,4224,691,660,516,1366,191,616,0,4643,4629,4629,445
9,13,1436,14257,5504,19,19,51,0,1,242,254,264,51,1081,1983,2050,1984,2660,4724,656,633,0,2457,4010,633,751,212,1321,77,616,0,4120,3947,3947,382
9,14,1540,15265,5632,22,22,61,0,1,264,276,286,61,1128,2277,2287,2276,2727,4784,909,1034,0,2865,5054,1033,966,182,1794,69,846,0,4829,4693,4693,23
9,15,1641,16287,5632,25,25,65,0,1,289,301,311,65,1095,2328,2330,2328,3025,5547,930,839,0,2853,4697,840,831,320,1543,122,654,0,4975,4674,4674,0
9,16,1736,17301,5632,21,25,62,0,1,310,322,332,62,1232,2455,2410,2455,2564,4971,803,883,0,2932,4784,883,801,511,1561,191,657,0,4430,4777,4777,152
9,17,1835,18324,5632,21,18,49,0,1,331,343,353,49,1274,2178,2205,2178,2550,4242,970,849,0,2722,4750,849,1003,254,1996,109,1170,0,4529,4583,4583,73
9,18,1935,19331,5632,23,22,41,0,1,354,362,372,42,864,1736,1657,1737,2900,5206,847,863,0,2385,4121,863,712,635,1776,214,541,0,4782,4442,4442,396
9,19,2047,20334,5632,19,17,57,0,1,373,385,395,56,1029,2132,2111,2132,2747,4797,955,887,0,2848,4878,887,960,443,1996,188,699,0,4769,4609,4609,127
9,20,2133,21340,5632,2,6,12,0,1,375,387,397,12,194,456,422,457,1307,2072,879,250,0,622,1168,250,259,298,1780,108,356,0,2616,3418,3085,2044
9,21,2237,22504,5632,7,3,27,15,1,382,394,404,27,418,542,931,541,387,387,717,1295,0,1370,3573,1295,673,231,2294,76,1287,0,2510,2594,1689,160
9,22,2354,23598,5760,5,6,32,9,1,387,399,409,32,482,1286,1090,1286,2802,4751,867,729,0,2079,3618,728,637,430,2283,128,684,0,4062,4013,4013,896
9,23,2456,24607,5760,18,19,30,1,1,405,417,427,30,742,1566,1312,1567,2284,3829,764,787,0,2537,4414,788,902,190,2752,57,449,0,4016,3954,3954,436
9,24,2553,25616,5760,20,18,49,7,1,425,437,447,49,1079,1972,2010,1971,2716,4496,752,1016,0,2998,5034,1016,831,215,3137,66,681,0,4664,4658,4658,60
9,25,2652,26624,5760,22,23,61,0,1,447,459,469,61,1140,2278,2299,2279,2615,4825,833,771,0,2565,4343,771,827,370,3293,99,770,0,4399,4374,4374,91
9,26,2756,27643,5760,24,23,66,0,1,471,483,493,66,1297,2516,2551,2515,2963,5497,801,893,0,3039,4940,893,839,387,3254,137,787,0,4837,4909,4909,60
9,27,2858,28651,5760,27,27,57,0,1,498,510,520,57,1268,2371,2351,2371,3178,5525,1139,1008,0,3093,5416,1008,1139,353,3456,179,791,0,5485,5478,5478,122
9,28,2969,29658,5760,21,22,73,0,19,519,531,541,73,1260,2616,2647,2616,3125,5722,1215,928,0,3257,5536,928,1178,213,3327,47,841,0,5447,5447,5447,33
9,29,3067,30666,5760,23,23,69,0,42,542,554,564,69,1235,2626,2546,2627,3234,5997,793,809,0,2990,4710,809,741,369,3376,99,624,0,5016,4857,4857,180
9,30,3176,31675,5760,22,21,57,0,64,564,576,586,57,1177,2227,2260,2226,3288,5199,1195,1166,0,3116,5581,1166,1132,401,3894,128,973,0,5829,5735,5735,334
9,31,3276,32683,5760,23,24,62,0,87,587,599,609,62,1202,2338,2380,2338,3254,6012,1044,842,0,2937,5071,842,1114,345,3499,142,595,0,5320,4955,4955,218
9,32,3380,33691,5888,14,13,32,0,101,601,613,623,32,854,1522,1462,1523,2539,3910,950,738,0,2453,4150,738,817,291,3899,90,686,0,4387,4854,4854,924
9,33,3476,34709,5888,24,24,61,4,125,625,637,647,61,1285,2420,2444,2419,3256,5730,920,1081,0,3480,5799,1081,1021,342,3906,103,678,0,5437,4883,4883,8
9,34,3574,35726,5888,25,25,65,0,150,650,662,672,65,1183,2385,2418,2385,2758,5167,844,902,0,2784,4732,902,874,266,3914,95,687,0,4684,4807,4807,127
9,35,3671,36733,5888,24,24,64,0,174,674,686,696,64,1245,2461,2461,2461,3061,5622,836,918,0,2910,4861,918,858,159,3771,76,587,0,4994,4789,4789,62
9,36,3757,37742,5888,22,22,60,0,196,696,708,718,60,1008,2190,2148,2190,2612,4871,763,735,0,2751,4303,735,647,335,3786,77,476,0,4290,4353,4353,125
9,37,3863,38803,5888,15,15,51,0,211,711,723,733,51,881,1758,1850,1759,2517,4292,708,684,0,2172,3677,684,663,355,3841,142,564,0,4058,3758,3758,247
9,38,3954,39827,5888,12,13,35,0,223,723,735,745,35,730,1417,1395,1416,2068,3202,901,937,0,2261,4357,937,976,156,4516,50,825,0,4066,3938,3938,31
9,39,4045,40834,5888,20,19,49,0,243,743,755,765,49,1120,2114,2051,2114,2446,4569,772,823,0,2352,4033,823,687,350,4399,141,752,0,4221,4143,4143,145
9,40,4143,41843,5888,7,9,23,0,250,750,760,770,23,362,778,799,779,1927,3112,949,369,0,1034,1790,369,315,305,4158,105,367,0,3425,3260,3260,1615
9,41,4232,43077,6016,8,6,29,17,258,758,770,780,29,798,1012,1349,1011,429,429,906,895,0,1942,3978,895,890,212,4618,86,1716,0,2184,3053,1934,0
9,42,4342,44099,6144,22,22,52,7,280,780,792,802,52,731,2281,1719,2281,3744,6449,861,1133,0,3349,5601,1133,933,250,4739,95,730,0,5857,5690,5690,89
9,43,4444,45103,6144,27,28,69,0,307,807,819,829,69,1212,2489,2523,2489,2719,5223,1085,910,0,3048,5081,909,951,456,4654,269,749,0,4893,5285,5285,293
9,44,4535,46107,6144,23,22,67,0,330,830,842,852,67,1101,2403,2374,2403,2515,4895,880,988,0,3130,5307,989,1014,192,4826,80,743,0,4564,5036,5036,22
9,45,4631,47111,6144,17,17,52,0,347,847,859,869,52,1150,2174,2138,2175,2796,5130,855,762,0,2714,4415,762,768,208,4607,90,547,0,4573,4501,4501,108
9,46,4730,48144,6144,23,23,61,0,370,870,882,892,61,1078,2282,2237,2281,3069,5166,878,1062,0,2859,4989,1061,887,316,4981,101,690,0,5186,5030,5030,197
9,47,4835,49156,6144,26,26,68,0,396,896,908,918,68,1239,2435,2531,2434,3030,5164,859,877,0,2981,4951,878,916,386,5182,185,1149,0,4937,4794,4794,40
9,48,4933,50165,6144,14,15,52,0,410,910,922,932,52,1177,2329,2165,2329,3076,5664,947,981,0,2830,4903,981,925,378,5283,168,726,0,5164,4879,4879,63
9,49,5029,51177,6144,24,24,59,0,434,934,946,956,59,1022,2102,2143,2102,2679,4850,912,734,0,2809,4551,734,830,335,5301,128,698,0,4505,4581,4581,96
9,50,5122,52194,6144,17,20,65,0,451,951,963,973,65,1207,2520,2442,2520,2874,5325,749,823,0,2903,4684,823,793,404,5305,118,689,0,4473,4715,4715,180
9,51,5232,53207,6144,18,14,43,0,469,969,981,991,43,880,1787,1697,1787,2463,4132,979,869,0,2608,4656,869,1003,357,5646,153,862,0,4450,4631,4631,162
9,52,5333,54217,6144,27,25,68,0,496,996,1008,1018,68,1274,2472,2566,2471,3136,5904,923,977,0,3100,5199,977,940,410,5350,154,661,0,5216,5069,5069,39
9,53,5442,55237,6144,15,15,40,0,511,1011,1023,1033,40,950,1706,1710,1707,2752,3997,992,987,0,2855,4889,987,884,248,5901,114,1126,0,4757,5244,5244,414
9,54,5545,56262,6144,14,15,42,0,525,1025,1037,1047,42,780,1557,1578,1556,2533,4753,765,857,0,2556,4383,856,798,241,5724,102,538,0,4297,4277,4277,350
9,55,5652,57264,6144,16,16,42,0,541,1041,1053,1063,42,807,1606,1605,1606,2263,3845,779,729,0,2184,3787,730,703,354,6060,130,572,0,3928,3676,3676,240
9,56,5747,58273,6144,28,28,63,0,569,1069,1081,1091,63,1298,2574,2495,2573,2782,5254,801,772,0,2840,4623,772,832,258,5961,87,595,0,4536,4468,4468,85
9,57,5844,59282,6144,24,23,68,0,593,1093,1105,1115,68,1192,2392,2484,2392,2682,5206,960,973,0,2679,4675,973,853,450,6008,194,555,0,4747,4777,4777,187
9,58,5934,60290,6144,17,19,50,0,610,1110,1122,1132,50,1073,2024,2023,2024,2192,3937,667,924,0,2298,4257,924,861,328,6274,126,833,0,3963,4140,4140,71
9,59,6032,61296,6144,15,15,25,0,625,1125,1137,1147,25,635,1159,1110,1160,2325,3860,1067,499,0,1517,2564,499,437,409,5943,196,408,0,4071,3712,3712,1242
9,60,6135,62376,6144,10,8,19,0,635,1135,1147,1157,19,297,502,658,502,1457,1535,1476,1150,0,1433,3664,1150,913,376,6614,103,988,0,3998,4913,3326,1056
9,61,6250,63395,6272,14,14,43,0,649,1149,1161,1171,43,1026,1944,1843,1945,2911,5055,1246,1347,0,3210,6243,1347,1480,254,6628,79,700,0,5619,5314,5314,127
9,62,6353,64405,6272,24,28,60,0,673,1173,1185,1195,60,1167,2393,2307,2393,3221,5725,835,823,0,2896,4666,823,768,221,6638,83,534,0,5056,4629,4629,115
9,63,6450,65419,6272,26,23,65,0,699,1199,1211,1221,65,1155,2312,2390,2312,2621,4707,737,837,0,2892,4724,837,820,309,6914,87,862,0,4375,4670,4670,74
9,64,6548,66438,6272,22,22,50,0,721,1221,1233,1243,50,1099,2066,2049,2066,2347,4610,797,795,0,2419,4175,794,792,182,6790,69,645,0,4099,4210,4210,109
9,65,6644,67449,6272,19,22,55,0,740,1240,1252,1262,55,1088,2169,2133,2169,2641,4819,735,790,0,2483,4186,791,734,222,6861,95,600,0,4314,4122,4122,45
9,66,6751,68465,6272,29,25,77,0,769,1269,1281,1291,77,1135,2454,2598,2454,3538,5738,996,857,0,3352,5388,857,1002,288,7277,82,1014,0,5565,5343,5343,0
9,67,6849,69471,6272,20,20,57,0,789,1289,1298,1308,58,1120,2329,2218,2330,3128,5664,899,913,0,2934,4857,913,842,362,7344,122,695,0,5120,4917,4917,105
9,68,6953,70480,6272,17,17,72,0,806,1306,1318,1328,71,1074,2361,2427,2360,2848,5248,969,864,0,2856,4905,864,1007,311,7218,115,723,0,4861,4858,4858,61
9,69,7059,71503,6272,13,15,51,0,819,1319,1331,1341,51,998,1962,1967,1963,2570,4470,866,820,0,2742,4508,820,774,288,7316,135,790,0,4416,4618,4618,176
9,70,7163,72519,6272,27,25,46,0,846,1346,1354,1364,46,1136,2070,2010,2069,2329,4333,712,766,0,2468,4223,766,808,295,7372,118,796,0,3987,4019,4019,0
9,71,7262,73529,6272,13,19,41,0,859,1359,1371,1381,41,986,1907,1765,1907,2237,4285,863,782,0,2343,4105,782,818,109,7407,39,589,0,4062,4291,4291,186
9,72,7368,74535,6272,21,15,42,0,880,1380,1392,1402,42,1017,1668,1815,1668,1893,3326,797,795,0,2489,4224,794,761,209,7825,79,971,0,3644,4103,4103,94
9,73,7460,75554,6272,13,14,36,0,893,1393,1405,1415,36,525,1212,1209,1212,2295,3919,685,542,0,1477,2615,542,481,393,7508,164,556,0,3677,3209,3209,707
9,74,7560,76566,6272,26,26,57,0,919,1419,1431,1441,57,1227,2374,2310,2374,2635,5011,973,1075,0,3069,5402,1076,1052,393,7725,139,490,0,4844,4884,4884,207
9,75,7665,77578,6272,23,22,75,0,942,1442,1454,1464,75,1271,2641,2696,2642,3107,5735,948,947,0,2974,5058,947,961,325,7685,107,558,0,5182,4978,4978,127
9,76,7777,78633,6272,24,24,68,0,966,1466,1478,1488,68,1173,2359,2465,2360,3556,5671,930,984,0,3314,5373,984,895,445,8114,156,987,0,5540,5368,5368,293
9,77,7876,79644,6272,24,24,58,0,990,1490,1502,1512,58,1223,2328,2325,2327,2709,5222,1077,1019,0,3076,5368,1019,1093,340,7965,109,799,0,4985,5295,5295,220
9,78,7979,80656,6272,10,11,29,0,1000,1500,1507,1517,29,561,1195,1112,1196,2430,3870,672,467,0,1487,2414,467,378,326,7771,99,472,0,3748,4257,4217,2044
9,79,8146,81786,6272,6,5,17,5,1006,1506,1518,1528,17,286,553,609,552,1702,2308,1020,1653,0,1710,4510,1653,901,56,8529,20,475,0,4231,2687,2522,56
9,80,8235,82800,6272,5,5,24,0,1011,1511,1523,1533,24,562,1047,1018,1047,1498,2427,533,365,0,1525,2422,364,368,378,8545,102,564,0,2544,2659,2659,294
15,0,108,1032,4864,12,12,67,0,1,13,25,35,67,1163,2186,2436,2186,2709,4352,648,707,0,2496,4014,706,640,343,344,138,793,0,4243,4025,4025,11
15,1,213,2160,4864,24,24,53,0,1,37,49,59,53,897,1888,1904,1888,2562,4535,994,865,0,2773,4706,866,905,352,388,156,723,0,4622,5205,5205,517
15,2,314,3230,4864,13,15,57,4,1,50,62,72,57,1073,2213,2156,2213,2642,4719,984,1032,0,3183,5330,1032,926,407,655,101,803,0,4811,4826,4826,17
15,3,411,4238,4992,20,19,54,0,1,70,82,92,54,1117,2142,2143,2142,2597,4739,677,835,0,2387,4119,835,718,370,816,117,804,0,4269,4112,4112,10
15,4,509,5245,4992,22,21,51,0,1,92,104,114,51,918,1862,1887,1862,2683,4628,906,933,0,2423,4386,933,856,345,895,119,746,0,4702,4382,4382,6
15,5,600,6253,4992,14,17,53,0,1,106,118,128,53,1085,2207,2092,2208,2858,4731,784,695,0,2704,4388,695,819,310,1283,114,965,0,4497,4477,4477,95
15,6,703,7261,5120,22,19,57,0,1,128,140,150,57,904,1864,1987,1863,2778,5090,708,751,0,2560,4228,751,750,207,990,82,640,0,4397,4181,4181,48
15,7,807,8269,5120,19,20,68,0,1,147,159,169,68,1119,2406,2411,2407,2699,4939,1187,935,0,2856,5020,935,1053,382,1079,73,811,0,5001,5022,5022,50
15,8,901,9275,5248,25,24,62,0,1,172,184,194,62,1225,2419,2403,2418,2838,5199,787,777,0,2784,4447,777,714,393,1189,133,853,0,4582,4416,4416,19
15,9,1001,10279,5248,14,14,46,0,1,186,198,208,46,857,1707,1731,1708,2167,4164,748,781,0,2107,3774,781,717,271,1100,95,587,0,3856,3852,3852,97
15,10,1095,11300,5248,13,13,36,0,1,199,211,221,36,705,1404,1389,1403,2377,3962,889,716,0,2126,3712,716,683,311,1326,161,628,0,4201,3601,3601,0
15,11,1222,12658,5376,16,16,36,0,1,215,227,237,36,824,1564,1508,1564,2016,3491,1035,904,0,2094,4123,904,956,416,1629,181,684,0,3998,4142,4142,209
15,12,1320,13691,5376,21,21,56,0,1,236,248,258,56,1169,2283,2233,2283,2767,4851,828,823,0,2743,4715,823,971,319,1799,90,833,0,4578,4731,4731,225
15,13,1425,14693,5504,18,23,57,0,1,254,266,276,57,1129,2232,2212,2232,3150,5361,986,837,0,3015,4909,837,895,431,2055,139,834,0,5152,4922,4922,238
15,14,1520,15695,5504,23,18,46,0,1,277,289,299,46,959,1734,1833,1734,2748,4714,836,805,0,2375,4181,804,826,352,1957,173,701,0,4548,4109,4109,166
15,15,1615,16696,5504,25,25,63,0,1,302,314,324,63,1198,2507,2395,2507,2941,5536,999,800,0,3349,5310,801,982,478,1987,173,786,0,4921,5292,5292,154
15,16,1717,17726,5504,26,23,62,0,1,328,340,350,62,1245,2496,2423,2496,2932,5463,1244,1018,0,2913,5332,1018,1223,332,2079,180,748,0,5374,5228,5228,50
15,17,1825,18767,5504,20,20,57,0,1,348,360,370,57,1018,2105,2101,2106,2786,5108,1043,960,0,2558,4702,960,1016,253,2101,80,528,0,4969,4828,4828,176
15,18,1933,19799,5504,17,17,53,0,1,365,377,387,53,850,1842,1857,1842,2671,4114,949,896,0,2726,4634,896,851,391,2507,90,974,0,4537,4990,4990,626
15,19,2024,20814,5632,10,11,14,0,1,375,382,392,14,557,937,823,937,1970,3463,768,476,0,1435,2519,476,506,231,2116,101,409,0,3354,3243,3243,1399
15,20,2129,21846,5632,2,1,15,3,1,377,389,399,15,313,535,598,534,1257,1885,855,1298,0,1547,3923,1298,812,35,2660,12,379,0,3554,2675,2492,4
15,21,2230,22855,5632,3,5,20,7,1,380,392,402,20,472,790,852,790,1285,1989,433,403,0,948,1799,403,330,268,2641,75,527,0,2261,2053,2053,258
15,22,2332,23874,5632,19,18,40,2,1,399,411,421,40,733,1472,1493,1471,2181,3509,839,860,0,2217,4066,859,806,254,3214,98,729,0,4028,3964,3964,185
15,23,2427,24912,5632,19,18,45,0,1,418,430,440,45,709,1515,1564,1515,2220,3861,607,811,0,2219,3847,812,632,394,3455,106,685,0,3635,3653,3653,99
15,24,2528,25931,5760,16,18,62,0,1,434,446,456,62,1134,2261,2312,2261,2910,5275,765,900,0,2714,4574,900,790,157,3480,62,632,0,4682,4671,4671,196
15,25,2627,26938,5760,25,23,70,0,1,459,471,481,70,1182,2531,2512,2532,3172,5501,742,833,0,3037,4780,833,739,328,3706,74,815,0,4927,4773,4773,189
15,26,2722,27953,5888,25,25,68,0,1,484,496,506,68,1317,2569,2609,2568,3177,5784,837,857,0,3249,5137,857,851,281,3614,108,817,0,5051,4998,4998,50
15,27,2826,28966,5888,22,24,68,0,6,506,518,528,68,1232,2608,2524,2608,3318,5882,1049,977,0,3101,5277,976,1026,401,3615,178,777,0,5523,5273,5273,49
15,28,2924,30006,5888,26,24,77,0,32,532,544,554,77,1326,2688,2789,2687,3244,5769,1060,1049,0,3006,5296,1050,1060,388,3874,155,1043,0,5129,5128,5128,17
15,29,3024,31016,5888,20,21,59,0,52,552,564,574,59,1162,2306,2283,2307,3264,6072,1048,846,0,2896,4897,846,988,205,3426,60,517,0,5318,5186,5186,379
15,30,3115,32021,5888,25,24,70,0,77,577,589,599,70,1203,2549,2533,2549,3285,5767,677,889,0,2839,4577,889,675,407,3537,89,569,0,5031,4583,4583,385
15,31,3211,33026,5888,24,24,68,0,101,601,613,623,68,1201,2389,2493,2388,2878,5013,634,715,0,2799,4393,715,696,306,3777,146,927,0,4407,4012,4012,4
15,32,3317,34038,5888,13,13,46,0,114,614,626,636,46,965,1931,1839,1931,2898,4856,1087,773,0,2317,4156,773,898,439,3845,175,808,0,4937,4473,4473,321
15,33,3421,35052,5888,26,26,72,0,140,640,652,662,72,1147,2438,2515,2438,2937,5519,1121,954,0,3032,5338,954,1169,354,3842,188,741,0,5192,5004,5004,26
15,34,3514,36060,5888,22,22,63,0,162,662,673,683,63,1225,2538,2422,2539,3132,5371,910,802,0,2995,4872,802,905,401,4064,145,924,0,5004,5007,5007,161
15,35,3611,37098,5888,24,24,68,0,186,686,698,708,68,1151,2400,2443,2400,2906,5630,760,876,0,2999,4901,876,847,285,3949,67,808,0,4724,4751,4751,95
15,36,3727,38116,5888,13,15,40,0,199,699,711,721,40,941,1810,1701,1809,2612,4227,902,755,0,2506,4248,754,813,331,4238,119,893,0,4427,4279,4279,126
15,37,3831,39254,5888,17,17,41,0,216,716,728,738,41,787,1515,1566,1515,2459,4479,832,729,0,1968,3668,729,814,219,3909,96,440,0,4180,3765,3765,338
15,38,3941,40349,5888,21,19,63,4,237,737,749,759,63,1043,2223,2240,2223,2685,4425,973,986,0,3020,5180,987,975,410,4473,95,940,0,4825,4766,4766,281
15,39,4026,41357,6016,13,14,22,0,250,750,755,765,22,581,1132,999,1133,2071,3646,680,428,0,1380,2273,428,377,300,4163,78,364,0,3339,3727,3727,1735
15,40,4094,42434,6272,1,0,26,14,251,751,763,773,26,609,722,1103,721,364,364,846,673,0,1712,3456,673,851,121,4527,32,1467,0,1985,2650,1646,31
15,41,4180,43441,6400,9,10,35,12,260,760,772,782,35,541,1725,1206,1725,3617,5324,729,1009,0,2411,4230,1008,650,585,4572,117,966,0,5514,4596,4596,397
15,42,4274,44446,6400,37,36,66,0,297,797,809,819,66,1155,2458,2409,2458,2858,5112,889,783,0,3074,4939,784,901,310,4888,90,1121,0,4710,4718,4718,176
15,43,4375,45452,6400,25,25,76,0,322,822,831,841,76,1200,2658,2644,2658,3177,6237,932,909,0,3275,5370,909,1006,260,4544,71,705,0,5192,5224,5224,30
15,44,4471,46454,6400,13,15,56,0,335,835,847,857,56,1088,2129,2152,2130,2656,4672,892,857,0,2487,4250,857,748,260,4771,154,841,0,4564,4482,4482,262
15,45,4567,47456,6400,23,21,51,0,358,858,870,880,51,1074,2084,2043,2083,2783,5173,833,863,0,2596,4555,863,910,377,4364,143,494,0,4659,4485,4485,192
15,46,4666,48461,6400,20,21,59,0,378,878,890,900,59,1110,2223,2231,2223,2977,4947,971,813,0,2758,4638,812,904,439,4533,269,755,0,4940,4664,4664,218
15,47,4774,49471,6400,19,18,49,0,397,897,909,919,49,1240,2152,2171,2152,2790,4839,1154,1126,0,3291,5769,1127,1173,367,4907,158,877,0,5231,5666,5666,115
15,48,4877,50484,6400,25,25,58,0,422,922,934,944,58,1107,2197,2209,2197,2726,4768,1057,852,0,2935,5128,851,1170,390,5173,228,1044,0,4808,5065,5065,88
15,49,4984,51514,6400,23,23,59,0,445,945,957,967,59,1214,2332,2335,2332,3319,6152,991,817,0,2782,4766,818,986,264,4689,79,546,0,5308,4831,4831,156
15,50,5084,52528,6400,14,16,43,0,459,959,971,981,43,941,1789,1758,1789,2627,4430,889,841,0,2356,4144,841,796,306,4968,84,519,0,4536,4380,4380,423
15,51,5192,53542,6400,27,25,58,0,486,986,998,1008,58,1124,2196,2226,2196,2837,4812,919,857,0,3179,5129,856,890,386,5296,107,967,0,4791,4947,4947,242
15,52,5305,54603,6400,23,24,55,0,509,1009,1021,1031,55,1155,2249,2200,2249,3205,5626,834,914,0,2871,4813,915,853,293,5256,146,746,0,5134,4702,4702,132
15,53,5405,55610,6400,17,16,54,0,526,1026,1038,1048,54,895,1922,1921,1923,2736,4611,904,951,0,2494,4534,951,923,362,5476,132,792,0,4751,4655,4655,260
15,54,5503,56619,6400,16,16,42,0,542,1042,1054,1064,42,705,1433,1503,1432,2187,3809,786,836,0,2302,4092,836,792,362,5568,69,673,0,3988,3974,3974,142
15,55,5608,57631,6400,21,21,63,0,563,1063,1075,1085,63,1165,2374,2362,2374,2869,5136,888,880,0,2751,4736,880,922,287,5595,127,768,0,4791,4656,4656,62
15,56,5695,58658,6400,19,19,48,0,582,1082,1094,1104,48,1202,2232,2114,2232,2552,4717,908,759,0,2567,4285,759,781,347,5661,148,717,0,4399,4328,4328,156
15,57,5788,59700,6400,25,25,54,0,607,1107,1119,1129,54,1228,2174,2254,2174,2545,4597,760,793,0,2437,4324,793,917,194,5857,70,919,0,4278,4245,4245,77
15,58,5887,60704,6400,18,19,50,0,625,1125,1137,1147,50,982,1964,1932,1964,2605,4786,849,767,0,2360,3966,766,668,331,5688,193,670,0,4400,4108,4108,219
15,59,5976,61712,6400,2,3,3,0,627,1127,1139,1149,3,91,178,148,178,1388,1741,1504,140,0,588,894,140,117,402,5642,214,465,0,3212,2889,2476,1814
15,60,6081,62725,6400,14,16,39,0,641,1141,1153,1163,39,887,1661,1628,1661,2370,3648,885,1229,0,2742,5820,1230,1576,413,6067,154,816,0,4665,4490,4382,376
15,61,6183,63747,6400,27,24,66,0,668,1168,1180,1190,66,1104,2204,2358,2203,2788,5100,1013,1065,0,3038,5465,1064,1173,439,6183,85,876,0,5030,5272,5272,234
15,62,6287,64762,6400,17,19,49,0,685,1185,1197,1207,49,1143,2169,2074,2170,2911,5171,983,877,0,3029,5031,878,955,297,6192,131,690,0,4930,5145,5145,348
15,63,6388,65774,6400,25,22,57,0,710,1210,1222,1232,57,1208,2324,2291,2323,3142,5264,1093,1036,0,2907,5136,1035,1014,448,6460,218,859,0,5450,5153,5153,385
15,64,6486,66782,6400,24,24,62,0,734,1234,1246,1256,62,1074,2150,2252,2150,2660,5220,773,850,0,2817,4710,851,867,268,6152,69,551,0,4462,4382,4382,60
15,65,6592,67790,6400,19,19,53,0,753,1253,1265,1275,53,1053,2145,2060,2145,2462,4491,757,858,0,2498,4331,858,801,270,6314,106,582,0,4237,4327,4327,56
15,66,6698,68813,6400,24,24,65,0,777,1277,1289,1299,65,1202,2324,2437,2325,2761,4926,1057,998,0,2598,4737,998,969,367,6499,154,854,0,4976,5058,5058,398
15,67,6807,69850,6400,22,21,56,0,799,1299,1309,1319,56,1127,2236,2191,2236,2841,5216,895,1095,0,2830,5127,1095,1020,278,6529,106,777,0,4824,4726,4726,38
15,68,6911,70864,6400,19,19,63,0,818,1318,1330,1340,63,959,2072,2156,2072,2800,5188,918,1011,0,2592,4627,1011,845,283,6370,86,545,0,4909,4619,4619,40
15,69,7002,71871,6400,22,22,56,0,840,1340,1352,1362,56,1033,2135,2097,2135,2618,4574,650,762,0,2418,3961,761,609,371,6644,135,686,0,4209,4016,4016,133
15,70,7110,72892,6400,11,14,38,0,851,1351,1363,1373,38,1022,1773,1744,1773,2585,3968,885,953,0,2890,4904,954,901,508,7150,121,1078,0,4587,5239,5239,493
15,71,7209,73932,6400,21,14,53,0,872,1372,1384,1394,53,1007,1911,2014,1910,2694,5137,824,888,0,2763,4604,888,776,277,7051,126,721,0,4514,4617,4617,530
15,72,7329,75001,6400,15,14,37,0,887,1387,1399,1409,37,692,1369,1395,1368,1912,3505,612,777,0,2115,3671,777,635,287,7182,95,557,0,3412,4004,4004,871
15,73,7434,76049,6400,26,18,53,5,913,1413,1425,1435,53,907,1836,1914,1836,2429,4469,920,1003,0,2978,5086,1002,888,429,7342,133,756,0,4344,4213,4213,35
15,74,7530,77053,6400,17,21,58,0,930,1430,1442,1452,58,1254,2511,2356,2511,3068,5674,847,935,0,2975,5040,936,967,203,7296,71,506,0,5011,5086,5086,81
15,75,7628,78061,6400,27,23,62,0,957,1457,1469,1479,62,1212,2332,2390,2332,2873,4879,875,792,0,3118,4964,792,875,297,7512,115,890,0,4720,4883,4883,0
15,76,7731,79068,6400,22,22,59,0,979,1479,1491,1501,59,1172,2307,2293,2307,3196,5391,1128,1177,0,3026,5351,1177,979,494,8107,247,988,0,5661,5358,5358,44
15,77,7825,80070,6400,21,23,60,0,1000,1500,1512,1522,60,1073,2236,2213,2237,2806,5458,927,627,0,2864,4574,627,931,254,7448,129,549,0,4540,4989,4989,459
15,78,7924,81145,6400,0,0,0,0,1000,1500,1512,1522,0,0,0,0,0,1430,1471,1032,0,0,0,0,0,0,254,7407,129,508,0,2278,2775,1232,2044
15,79,8040,82280,6400,4,0,27,12,1004,1504,1516,1526,27,468,800,981,800,1816,2803,688,1341,0,1851,4505,1341,1064,524,7601,165,930,0,4009,3936,3754,1293
19,0,106,1072,4736,17,18,71,0,1,18,30,40,71,1546,2677,2895,2677,3512,5240,939,747,0,3049,4784,747,812,350,678,111,1166,0,5378,4889,4889,105
19,1,267,2105,4864,15,16,36,2,1,33,45,55,36,584,1217,1268,1217,1957,3624,626,681,0,1859,3167,680,496,422,509,159,785,0,3382,3573,3573,626
19,2,369,3127,4992,24,22,65,0,1,57,69,79,65,1095,2360,2330,2360,3308,5468,959,1049,0,3558,5960,1050,1148,287,942,82,1170,0,5300,5429,5429,171
19,3,482,4137,4992,18,18,54,0,1,75,87,97,54,1064,2138,2090,2138,3083,5520,1025,847,0,3125,5133,847,983,288,755,154,823,0,5135,5114,5114,153
19,4,589,5142,4992,20,20,56,0,1,95,107,117,56,1049,2148,2113,2149,2807,5052,907,745,0,2770,4569,745,880,328,770,109,691,0,4639,4449,4449,70
19,5,693,6154,4992,17,18,54,0,1,112,124,134,54,1029,2055,2055,2055,2732,4784,890,839,0,2710,4622,839,907,286,915,76,694,0,4641,4717,4717,166
19,6,790,7162,5120,13,16,43,0,1,125,137,147,43,881,1825,1698,1824,2108,4100,610,724,0,2471,3990,724,623,214,997,68,400,0,3602,3918,3918,130
19,7,889,8205,5120,29,25,69,0,1,154,166,176,69,1183,2320,2494,2321,2935,4899,864,815,0,2942,4745,815,810,313,1242,81,930,0,4814,4747,4747,159
19,8,989,9213,5120,18,18,60,0,1,172,184,194,60,1170,2322,2310,2321,2934,5241,802,957,0,2841,4759,957,786,288,1315,76,933,0,4853,4787,4787,187
19,9,1088,10231,5120,13,15,43,0,1,185,197,207,43,770,1631,1587,1631,2436,4364,721,660,0,2257,3705,660,632,355,1190,109,592,0,3997,3842,3842,331
19,10,1192,11303,5120,21,19,48,0,1,206,218,228,48,675,1529,1587,1529,1993,3494,585,686,0,2147,3541,685,551,394,1597,79,688,0,3326,3217,3217,34
19,11,1295,12306,5120,5,5,39,0,1,211,223,233,39,822,1592,1563,1592,1867,3304,642,562,0,2036,3463,563,693,239,1734,119,814,0,3212,3451,3451,22
19,12,1392,13309,5120,26,27,55,0,1,237,249,259,55,1153,2217,2198,2217,2913,4994,943,940,0,2776,4749,940,862,288,1992,122,931,0,4976,4727,4727,0
19,13,1494,14311,5120,18,18,62,0,1,255,267,277,62,1126,2303,2304,2304,3145,5759,805,719,0,2787,4463,719,788,454,1694,130,621,0,4829,4638,4638,238
19,14,1598,15324,5248,22,21,56,0,1,277,289,299,56,941,1941,2005,1940,2346,4309,752,735,0,2460,4134,735,771,299,1777,84,663,0,4013,4058,4058,176
19,15,1696,16334,5376,18,21,63,0,1,295,307,317,63,1250,2609,2447,2609,3018,5586,784,870,0,2938,4845,869,861,397,1824,128,542,0,4832,4760,4760,91
19,16,1792,17334,5376,33,30,69,0,1,328,340,350,69,1244,2388,2555,2388,3169,5539,1077,744,0,2875,4596,745,796,489,1917,379,764,0,5162,4505,4505,0
19,17,1890,18357,5376,21,21,61,0,1,349,361,371,61,1033,2192,2192,2192,2572,4752,899,964,0,2721,4915,964,1062,362,2132,156,776,0,4595,5029,5029,114
19,18,1991,19364,5376,12,14,44,0,1,361,373,383,44,873,1791,1709,1791,2649,4700,977,802,0,2176,4066,801,926,396,2018,159,434,0,4607,4365,4365,413
19,19,2081,20374,5504,14,14,32,0,1,375,384,394,32,664,1301,1272,1302,2204,3470,1001,504,0,1645,2979,505,712,256,1991,111,440,0,3890,3748,3748,1182
19,20,2199,21455,5632,5,5,24,6,1,380,392,402,24,325,702,781,701,1732,2587,866,1524,0,1665,4326,1524,877,138,2501,44,366,0,4186,3034,3003,20
19,21,2283,22473,5632,4,4,20,5,1,384,396,406,20,525,956,905,957,908,1559,510,463,0,1344,2413,463,462,281,2811,86,620,0,2021,2468,2468,91
19,22,2371,23481,5632,17,18,41,0,1,401,413,423,41,717,1453,1496,1452,2213,3672,584,533,0,1984,3372,533,679,198,3055,89,656,0,3490,3271,3271,0
19,23,2472,24500,5632,13,11,42,0,1,414,426,436,42,644,1385,1442,1385,1849,3266,926,766,0,1923,3671,765,812,309,3166,119,682,0,3700,3807,3807,206
19,24,2569,25528,5632,22,23,64,0,1,436,448,458,64,1176,2312,2392,2312,3229,5414,766,845,0,3151,5016,845,840,275,3594,83,913,0,5040,5090,5090,281
19,25,2670,26606,5632,23,22,61,0,1,459,470,480,61,1239,2368,2398,2368,2624,5024,812,997,0,2815,4833,998,840,315,3552,73,915,0,4581,4684,4684,132
19,26,2775,27620,5632,27,26,67,0,1,486,496,506,67,1292,2649,2565,2648,3332,6024,1019,951,0,3262,5323,951,931,530,3545,187,788,0,5469,5189,5189,0
19,27,2877,28633,5632,20,22,58,0,6,506,516,526,58,1261,2440,2363,2440,2908,5229,970,966,0,3021,5171,966,1006,417,3632,142,868,0,5024,5013,5013,0
19,28,2979,29641,5632,26,24,70,0,32,532,544,554,70,1317,2567,2647,2567,3081,5744,931,1032,0,2994,5229,1032,1028,289,3647,95,852,0,5224,5231,5231,2
19,29,3079,30658,5632,20,20,59,0,52,552,564,574,59,1110,2232,2231,2233,2629,4842,1056,927,0,2694,4658,927,879,432,3651,209,870,0,4748,5123,5123,489
19,30,3184,31667,5632,26,26,67,0,78,578,590,600,67,1279,2598,2552,2598,3147,5874,915,961,0,3365,5607,961,1092,295,3658,125,698,0,5189,5193,5193,77
19,31,3281,32690,5632,20,20,65,0,98,598,610,620,65,1162,2363,2397,2362,3135,5529,840,815,0,2918,4753,815,840,359,3707,174,701,0,4963,4666,4666,15
19,32,3371,33713,5632,24,24,58,0,122,622,634,644,58,1025,2092,2127,2092,2294,4210,919,670,0,2563,4235,670,833,217,4034,80,912,0,4062,4253,4253,36
19,33,3464,34720,5632,15,15,53,0,137,637,649,659,53,1096,2150,2103,2150,2573,5029,869,788,0,2636,4378,788,780,304,3901,141,559,0,4364,4375,4375,55
19,34,3571,35732,5632,30,30,69,0,167,667,679,689,69,1282,2548,2593,2548,2847,5104,967,1093,0,2870,5074,1093,937,443,4230,205,895,0,5067,5061,5061,42
19,35,3666,36738,5632,19,19,58,0,186,686,698,708,58,1114,2210,2216,2210,2589,5105,881,750,0,2612,4430,750,897,386,3994,114,595,0,4400,4492,4492,116
19,36,3770,37751,5632,17,20,47,0,203,703,715,725,47,970,1850,1863,1850,2628,4546,680,855,0,2601,4398,855,757,273,4419,108,595,0,4225,4306,4306,24
19,37,3865,38933,5760,10,8,35,0,213,713,725,735,35,723,1348,1388,1348,2506,4017,787,724,0,2476,4096,723,714,450,4725,144,859,0,4196,4212,4212,152
19,38,3970,40037,5760,24,14,48,0,237,737,749,759,48,931,2118,1843,2118,2886,5213,933,688,0,2728,4428,689,837,410,4603,139,565,0,4688,4639,4639,373
19,39,4061,41044,5760,13,21,37,0,250,750,760,770,37,742,1570,1445,1571,2242,3976,900,622,0,2178,3510,622,585,316,4587,115,276,0,3960,3915,3915,779
19,40,4166,42112,5760,11,3,30,1,261,761,773,783,30,366,676,936,675,1499,2068,702,1061,0,1539,3719,1060,870,158,5130,68,643,0,3352,2973,2973,144
19,41,4285,43118,6016,9,10,37,3,270,770,782,792,37,788,1605,1491,1605,2424,3391,1243,1020,0,2429,4527,1021,930,540,5613,265,1167,0,4861,5320,5320,937
19,42,4397,44124,6016,24,26,50,0,294,794,806,816,50,1249,2224,2199,2224,3080,5646,1159,1451,0,3329,6418,1451,1444,288,5692,134,800,0,5849,5609,5609,128
19,43,4495,45130,6016,25,22,60,0,319,819,831,841,60,1168,2309,2308,2309,3152,5547,947,873,0,2635,4599,873,923,318,5722,88,713,0,5152,4603,4603,132
19,44,4591,46133,6016,16,17,50,0,335,835,847,857,50,1161,2165,2111,2165,2628,4520,1012,909,0,2746,4741,908,904,368,6008,150,1032,0,4727,4693,4693,84
19,45,4701,47165,6144,25,24,58,0,360,860,872,882,58,1071,2176,2173,2176,3096,5704,1164,1015,0,3080,5470,1016,1202,498,5685,144,594,0,5418,5386,5386,0
19,46,4796,48167,6144,21,21,59,0,381,881,893,903,59,1074,2126,2195,2127,2590,4672,817,742,0,2706,4409,742,786,376,5812,151,707,0,4329,4721,4721,312
19,47,4901,49181,6144,17,18,63,0,398,898,910,920,63,1130,2377,2327,2377,3139,5256,958,1021,0,2951,5115,1021,979,240,6211,90,916,0,5278,5136,5136,333
19,48,5004,50194,6144,24,23,49,0,422,922,934,944,49,1187,2132,2118,2131,2396,4823,812,950,0,2614,4637,949,893,269,6115,85,608,0,4337,4455,4455,157
19,49,5110,51221,6144,24,24,72,0,446,946,958,968,72,1217,2587,2585,2587,3308,5834,1094,1041,0,3322,5620,1042,1080,276,6052,64,667,0,5624,5668,5668,205
19,50,5211,52240,6144,13,13,42,0,459,959,971,981,42,845,1685,1643,1686,2482,4353,853,792,0,2511,4171,792,709,339,6306,97,582,0,4180,4058,4058,117
19,51,5306,53250,6144,25,24,56,0,484,984,996,1006,56,1102,2193,2166,2193,2739,4894,918,897,0,2767,4778,897,930,254,6423,78,593,0,4713,4937,4937,276
19,52,5403,54261,6144,18,18,60,0,502,1002,1014,1024,60,1110,2262,2250,2262,3121,5297,789,711,0,2691,4310,711,742,311,6615,91,667,0,4801,4473,4473,439
19,53,5507,55269,6144,20,21,45,0,522,1022,1034,1044,45,965,1720,1820,1720,2629,4276,1055,950,0,2877,4882,950,884,355,6927,144,840,0,4794,4789,4789,351
19,54,5612,56278,6144,17,16,35,0,539,1039,1051,1061,35,690,1325,1355,1324,2028,3500,625,675,0,1942,3547,674,780,372,7042,80,723,0,3487,3522,3522,326
19,55,5718,57293,6144,15,19,42,0,554,1054,1066,1076,42,1184,2135,1982,2135,2633,4606,906,793,0,2923,4839,794,938,262,7468,98,732,0,4513,4596,4596,84
19,56,5823,58297,6144,29,27,74,0,583,1083,1095,1105,74,1154,2484,2560,2485,2860,5648,921,881,0,2773,4604,881,784,381,7248,135,504,0,4842,4689,4689,169
19,57,5919,59314,6144,20,19,55,0,603,1103,1115,1125,55,1235,2270,2280,2270,2673,4787,910,898,0,2826,4950,898,1050,286,7373,97,670,0,4661,4782,4782,83
19,58,6024,60322,6144,21,20,48,0,624,1124,1136,1146,48,1016,1956,1928,1956,2856,4611,1000,762,0,2657,4524,762,930,261,7634,88,843,0,4778,4510,4510,77
19,59,6112,61400,6144,5,5,16,4,629,1129,1141,1151,16,172,303,476,302,1239,1850,810,871,0,1217,2454,870,202,335,7598,90,737,0,2963,2674,2380,332
19,60,6209,62409,6144,13,16,40,0,642,1142,1154,1164,40,803,1731,1563,1731,2545,4228,661,767,0,2245,4075,768,901,532,7714,195,617,0,4146,4282,4282,565
19,61,6304,63424,6144,26,24,60,0,668,1168,1180,1190,60,1126,2220,2266,2220,2818,4886,885,954,0,2833,4965,954,983,382,8151,126,954,0,4781,4433,4433,64
19,62,6411,64441,6144,19,20,56,0,687,1187,1199,1209,56,1096,2214,2160,2215,2876,5482,791,765,0,2633,4294,765,735,449,7765,177,508,0,4612,4627,4627,397
19,63,6505,65462,6144,30,23,75,0,717,1217,1229,1239,75,1152,2336,2577,2336,2746,5145,805,879,0,3062,4995,879,878,469,8006,145,809,0,4559,4752,4752,154
19,64,6603,66474,6144,19,18,60,0,736,1236,1248,1258,60,1053,2235,2193,2235,2438,4650,756,772,0,2653,4351,772,746,306,8063,82,790,0,4133,4262,4262,65
19,65,6715,67498,6144,12,16,52,0,748,1248,1260,1270,52,1026,2104,2014,2104,2830,5004,873,947,0,2739,4746,947,891,226,8101,76,630,0,4830,4813,4813,209
19,66,6815,68510,6144,31,27,73,0,779,1279,1291,1301,73,1232,2525,2619,2525,3068,5675,821,1039,0,3129,5161,1039,815,378,8147,128,682,0,4766,5146,5146,194
19,67,6915,69524,6144,16,19,65,0,795,1295,1307,1317,65,1111,2408,2346,2408,2863,5331,852,853,0,2755,4697,853,913,343,8026,87,560,0,4748,4537,4537,61
19,68,7004,70531,6144,23,20,50,0,818,1318,1330,1340,50,969,1859,1919,1859,2208,4113,899,810,0,2250,4132,810,899,216,8128,79,574,0,4097,4104,4104,51
19,69,7099,71540,6144,18,18,57,0,836,1336,1348,1358,57,1050,2130,2133,2130,2561,4527,854,782,0,2595,4404,782,853,135,8334,56,741,0,4357,4469,4469,119
19,70,7197,72569,6144,22,22,55,0,858,1358,1370,1380,55,1124,2136,2169,2136,3169,5041,864,899,0,3140,5055,899,837,206,8816,59,1038,0,5112,5037,5037,112
19,71,7293,73610,6144,20,20,53,0,878,1378,1390,1400,53,1071,2126,2078,2126,2846,5203,1049,720,0,2893,4741,720,960,331,8675,117,759,0,4525,4804,4804,192
19,72,7380,74669,6144,13,13,36,0,891,1391,1403,1413,36,714,1410,1398,1410,2478,4267,695,632,0,1991,3488,632,703,194,8479,65,368,0,3984,3582,3582,297
19,73,7475,75677,6144,18,19,59,0,909,1409,1421,1431,59,990,2116,2111,2116,2444,4195,821,804,0,2500,4381,804,894,250,8839,82,728,0,4249,4089,4089,5
19,74,7572,76681,6144,25,24,67,0,934,1434,1446,1456,67,1245,2425,2518,2425,2733,4919,898,871,0,2914,4801,871,840,296,8990,98,1060,0,4662,4915,4915,119
19,75,7669,77684,6144,18,20,47,0,952,1452,1464,1474,47,1046,2104,1939,2105,2878,5343,889,884,0,2472,4283,884,783,329,8718,146,534,0,4830,4787,4787,623
19,76,7773,78686,6144,26,24,58,0,978,1478,1490,1500,58,1277,2285,2379,2285,2838,4995,900,1005,0,3133,5370,1005,1042,258,8915,126,756,0,4922,4978,4978,231
19,77,7864,79688,6144,22,23,64,0,1000,1500,1510,1520,64,1122,2389,2338,2389,2648,5286,863,803,0,2872,4590,803,750,355,8721,113,456,0,4474,4808,4808,449
19,78,7974,80719,6144,2,4,18,9,1002,1502,1514,1524,18,210,397,552,396,1487,1789,935,686,0,1168,2185,685,206,428,8921,152,706,0,3225,2717,2202,500
19,79,8100,81919,6144,4,2,13,1,1006,1506,1518,1528,13,383,708,630,708,1719,2572,844,827,0,1383,3421,827,995,552,9019,155,543,0,2664,2690,2690,226
7,0,88,1034,4736,12,12,63,0,1,13,25,35,63,896,1814,2093,1814,2261,3556,534,525,0,1842,3052,525,525,219,361,53,798,0,3520,3071,3071,19
7,1,183,2082,4736,16,16,51,0,1,29,41,51,51,990,1910,1959,1910,2759,4785,737,783,0,2339,3977,783,688,262,286,94,731,0,4439,3958,3958,24
7,2,283,3108,4736,14,14,36,0,1,43,55,65,36,701,1492,1385,1492,2275,3927,764,653,0,2053,3614,653,753,317,405,129,558,0,3836,3629,3629,52
7,3,379,4135,4864,27,27,65,0,1,70,82,92,65,1221,2471,2456,2471,3355,6011,1067,925,0,3231,5374,925,1032,327,490,71,527,0,5547,5468,5468,146
7,4,496,5214,4864,13,15,56,0,1,83,95,105,56,960,1985,2024,1984,2800,4615,776,789,0,2547,4284,789,773,328,755,116,736,0,4545,4138,4138,0
7,5,587,6220,4864,21,19,57,0,1,104,116,126,57,954,2054,2037,2055,2541,4785,648,710,0,2443,3917,710,603,356,625,102,529,0,4059,4323,4323,406
7,6,687,7230,4992,16,16,50,0,1,120,131,141,50,1035,1967,1985,1967,2968,4931,1055,955,0,2785,4720,955,810,293,881,168,551,0,5138,4576,4576,265
7,7,793,8245,5120,17,19,46,0,1,137,149,159,46,1027,1920,1901,1920,2835,4512,814,840,0,2672,4718,840,1023,366,1190,151,776,0,4667,4518,4518,73
7,8,897,9256,5120,28,29,66,0,1,165,177,187,66,1294,2498,2548,2498,3132,5842,1035,820,0,3052,4954,819,928,317,1041,96,634,0,5097,4982,4982,121
7,9,1000,10283,5120,19,16,47,0,1,184,196,206,47,962,1799,1855,1799,2566,4573,717,747,0,2345,3944,747,674,356,1024,182,482,0,4190,3989,3989,166
7,10,1088,11299,5120,13,13,28,0,1,197,209,219,28,747,1339,1279,1338,1492,2523,652,620,0,1623,3082,621,677,235,1369,90,731,0,2943,3000,3000,152
7,11,1163,12302,5120,2,8,20,0,1,199,211,221,20,514,998,894,998,1829,2861,431,544,0,1509,2586,544,391,161,1657,50,593,0,2943,2537,2537,103
7,12,1262,13306,5248,25,19,56,0,1,224,236,246,56,1081,2075,2145,2075,2539,4503,864,799,0,2514,4352,799,864,231,1826,92,774,0,4382,4432,4432,183
7,13,1365,14308,5248,18,20,65,0,1,242,254,264,65,1069,2342,2304,2343,3152,5585,763,815,0,2784,4450,815,682,440,1797,111,645,0,4889,4543,4543,276
7,14,1466,15327,5248,24,22,72,0,1,266,278,288,72,1073,2404,2441,2403,2910,5268,882,857,0,3105,5057,857,919,199,1893,79,728,0,4809,4822,4822,78
7,15,1579,16335,5376,21,21,53,0,1,287,299,309,53,1107,2040,2114,2041,2948,4954,1052,1122,0,2882,5205,1122,1030,283,2200,135,836,0,5302,5291,5291,164
7,16,1681,17342,5376,26,26,60,0,1,313,325,335,60,1255,2456,2395,2455,2880,5361,990,899,0,2889,4857,899,894,498,2153,187,751,0,4927,4690,4690,0
7,17,1781,18353,5376,20,21,62,0,1,333,345,355,62,1187,2376,2365,2376,3010,5547,884,998,0,2881,5001,998,953,371,2094,136,579,0,5072,5233,5233,248
7,18,1880,19373,5376,24,23,62,0,1,357,369,379,62,954,2091,2132,2091,2731,4586,883,860,0,2703,4629,860,887,378,2482,168,856,0,4654,4432,4432,52
7,19,1986,20382,5376,14,16,49,0,1,371,383,393,49,1009,1989,1940,1989,2699,4747,1088,934,0,2789,5048,934,1150,230,2573,99,748,0,4901,4998,4998,35
7,20,2110,21397,5632,7,7,27,9,1,378,390,400,27,302,680,815,680,1867,2615,1527,864,0,1521,2962,864,440,412,2600,170,815,0,4438,3656,2934,7
7,21,2218,22538,5632,9,7,21,0,1,387,394,404,21,298,640,697,640,1433,2370,606,705,0,1111,3031,705,1058,240,2753,92,610,0,2707,2708,2708,0
7,22,2324,23578,5632,11,11,36,0,1,398,410,420,36,668,1439,1352,1439,2244,3524,748,661,0,2035,3465,661,590,328,2969,92,777,0,3604,3350,3350,84
7,23,2417,24579,5632,5,10,36,0,1,403,415,425,36,592,1343,1276,1344,2259,3757,733,635,0,1831,3252,635,632,364,3036,110,555,0,3807,3676,3676,508
7,24,2514,25597,5632,19,16,50,0,1,422,434,444,50,1033,1981,1983,1980,2645,4697,760,859,0,2641,4625,859,928,197,3194,76,486,0,4444,4137,4137,20
7,25,2621,26606,5632,23,21,67,0,1,445,457,467,67,1119,2301,2392,2301,3015,5191,923,925,0,2830,4776,925,858,355,3366,134,702,0,5043,4985,4985,229
7,26,2716,27614,5632,24,25,73,0,1,469,481,491,73,1282,2710,2669,2710,3169,5917,782,876,0,3200,5053,876,795,329,3368,111,623,0,5007,4953,4953,129
7,27,2819,28623,5632,26,25,72,0,1,495,507,517,72,1242,2568,2610,2568,2848,5319,1005,956,0,3239,5401,956,1034,276,3482,78,764,0,4969,5329,5329,57
7,28,2916,29630,5632,22,25,58,0,17,517,529,539,58,1294,2466,2396,2466,2980,5539,728,808,0,2896,4610,807,729,206,3332,70,601,0,4695,4694,4694,141
7,29,3015,30642,5632,25,23,70,0,42,542,554,564,70,1191,2474,2521,2475,3159,5615,1039,1014,0,2644,4812,1015,987,335,3477,107,666,0,5393,4990,4990,319
7,30,3105,31655,5632,23,22,58,0,65,565,577,587,58,1312,2436,2414,2435,2418,4675,853,887,0,2840,4817,887,908,235,3678,93,823,0,4318,4600,4600,102
7,31,3207,32664,5632,25,25,61,0,90,590,602,612,61,1164,2292,2323,2292,3133,5588,892,931,0,2712,4722,931,903,309,3569,114,691,0,5136,4693,4693,73
7,32,3298,33672,5632,14,14,58,0,104,604,616,626,58,888,1938,1990,1939,2222,4344,699,709,0,2310,3712,709,549,315,3535,83,557,0,3810,4095,4095,456
7,33,3404,34679,5632,21,21,55,0,125,625,637,647,55,1148,2329,2193,2328,2993,5150,832,969,0,2876,4934,969,894,262,3666,91,595,0,4974,4514,4514,36
7,34,3500,35697,5632,23,23,68,0,148,648,660,670,68,1246,2509,2538,2509,2737,5123,989,888,0,2921,5003,888,1016,264,3687,108,747,0,4794,5055,5055,161
7,35,3607,36716,5632,26,26,61,0,174,674,686,696,61,1230,2336,2389,2336,2984,5603,855,895,0,2711,4573,895,790,375,3506,129,517,0,4914,4514,4514,145
7,36,3720,37727,5632,13,14,41,0,187,687,699,709,41,1044,1862,1823,1862,2273,3941,777,796,0,2638,4373,796,782,356,3650,112,672,0,4026,4434,4434,206
7,37,3826,38781,5760,22,19,42,0,209,709,721,731,42,1023,1873,1821,1872,2767,4335,747,900,0,2786,4720,899,863,310,4197,82,965,0,4500,4697,4697,183
7,38,4014,39827,5760,15,15,37,0,224,724,736,746,37,636,1239,1339,1239,1571,3175,695,805,0,1709,3266,806,588,168,4279,60,700,0,3150,2961,2961,81
7,39,4112,40835,5760,19,19,48,0,243,743,755,765,48,1137,2110,2049,2111,2482,4437,894,840,0,2587,4531,840,926,293,4412,103,794,0,4396,4593,4593,143
7,40,4189,41836,5888,7,9,21,0,250,750,760,770,21,389,834,788,834,1749,3028,670,364,0,1125,1800,364,232,338,4219,83,303,0,2963,2958,2958,1301
7,41,4292,42842,5888,12,14,44,2,262,762,774,784,44,550,1157,1386,1156,2031,3084,617,1336,0,2239,4712,1336,857,240,4836,123,636,0,4144,3506,3506,95
7,42,4393,43848,5888,20,18,50,0,282,782,794,804,50,876,1871,1826,1871,2490,4205,973,850,0,2674,4551,850,857,237,4943,101,747,0,4493,4462,4462,8
7,43,4497,44868,5888,19,17,68,0,301,801,813,823,68,1190,2395,2482,2395,2862,5378,887,988,0,2775,4814,988,878,371,4801,173,713,0,4896,4978,4978,207
7,44,4599,45886,5888,19,19,54,0,320,820,832,842,54,1174,2218,2200,2219,3108,5490,1094,969,0,3032,5291,969,1118,175,4678,86,531,0,5339,5310,5310,263
7,45,4699,46893,5888,25,25,65,0,345,845,857,867,65,1195,2435,2430,2434,2981,5014,938,941,0,3044,5080,941,912,292,5127,114,928,0,5040,4840,4840,26
7,46,4803,47904,5888,16,16,60,0,361,861,873,883,60,1043,2149,2183,2149,2722,5030,912,923,0,2869,4911,923,941,326,5036,125,803,0,4736,4879,4879,0
7,47,4905,48906,5888,23,23,53,0,384,884,896,906,53,1110,2157,2117,2157,2895,5255,943,853,0,2652,4502,853,837,399,4910,104,565,0,4850,4736,4736,234
7,48,5006,49955,5888,25,25,72,0,409,909,921,931,72,1259,2654,2627,2653,3521,6051,935,981,0,3303,5494,981,1031,273,5108,103,662,0,5614,5397,5397,189
7,49,5106,50958,5888,16,16,55,0,425,925,937,947,54,1050,2079,2077,2079,2462,4700,815,733,0,2654,4379,733,821,217,4888,125,589,0,4175,4367,4367,177
7,50,5214,51969,5888,26,26,70,0,451,951,963,973,69,1165,2512,2476,2511,3143,5707,1176,1014,0,3002,5192,1014,1001,358,5091,129,528,0,5509,5283,5283,273
7,51,5319,52979,5888,12,13,50,0,463,963,975,985,50,879,1822,1829,1823,2571,4333,729,740,0,2550,4217,740,761,318,5338,90,595,0,4200,4130,4130,186
7,52,5426,53993,5888,24,25,68,0,487,987,999,1009,68,1247,2532,2539,2531,2651,5144,975,1046,0,3080,5240,1045,933,483,5252,205,641,0,4850,5279,5279,225
7,53,5532,54998,5888,22,20,52,0,509,1009,1021,1031,52,1041,2012,2029,2012,2664,4647,999,941,0,2775,4840,942,957,274,5365,110,687,0,4765,4797,4797,194
7,54,5635,56020,5888,16,22,48,0,525,1025,1037,1047,48,959,1958,1871,1958,2660,4606,923,957,0,2589,4653,956,939,335,5621,98,612,0,4719,4546,4546,103
7,55,5729,57048,5888,14,8,45,0,539,1039,1051,1061,45,649,1441,1504,1441,2101,3770,678,552,0,1904,3249,553,631,290,5617,101,478,0,3487,3254,3254,166
7,56,5827,58055,5888,26,25,73,0,565,1065,1077,1087,73,1235,2589,2622,2589,2936,5347,794,881,0,3062,4923,880,801,369,5817,99,741,0,4790,4841,4841,88
7,57,5932,59099,5888,25,25,74,0,590,1090,1102,1112,74,1119,2434,2525,2434,2884,5419,940,884,0,2765,4846,885,1019,253,5870,92,735,0,4868,4896,4896,219
7,58,6033,60102,5888,20,20,60,0,610,1110,1122,1132,60,1148,2294,2288,2295,2439,4583,1039,860,0,2779,4778,860,974,242,5914,71,879,0,4498,4780,4780,221
7,59,6131,61110,5888,15,16,38,0,625,1125,1134,1144,38,785,1637,1507,1637,2651,4718,867,682,0,2219,3712,682,673,351,5686,124,319,0,4380,4564,4564,1073
7,60,6254,62229,6016,8,7,28,6,633,1133,1145,1155,28,423,845,955,845,2033,2558,1261,1008,0,2096,4282,1008,980,259,6162,75,749,0,4237,3492,3006,140
7,61,6351,63241,6016,17,18,58,0,650,1150,1162,1172,58,922,1982,2024,1982,2494,4576,1015,677,0,2569,4371,677,950,381,6240,156,697,0,4364,4330,4330,100
7,62,6448,64243,6016,23,24,67,0,673,1173,1185,1195,67,1103,2342,2376,2343,3044,5216,887,807,0,2814,4851,807,1057,305,6527,70,901,0,4918,4830,4830,95
7,63,6545,65251,6016,21,19,55,0,694,1194,1206,1216,55,1072,2126,2117,2125,2658,4984,944,850,0,2726,4640,849,885,262,6394,112,706,0,4594,4678,4678,133
7,64,6650,66260,6016,23,24,57,0,717,1217,1229,1239,57,1195,2314,2278,2314,3106,5045,1190,1091,0,3059,5513,1091,1199,329,6827,136,1045,0,5567,5546,5546,166
7,65,6757,67269,6016,16,18,52,0,733,1233,1245,1255,52,1031,1966,2019,1966,2601,4966,837,897,0,2618,4547,898,855,260,6660,95,699,0,4516,4499,4499,118
7,66,6856,68279,6016,29,26,74,0,762,1262,1274,1284,74,1081,2479,2487,2480,3309,5691,1033,863,0,3000,4990,863,955,439,6777,125,804,0,5385,5193,5193,321
7,67,6960,69293,6016,20,21,66,0,782,1282,1294,1304,66,1128,2356,2382,2357,3030,5421,850,794,0,3172,5018,794,873,218,6853,92,910,0,4799,4681,4681,6
7,68,7067,70313,6016,23,22,63,0,805,1305,1317,1327,63,1115,2235,2312,2234,2564,5078,810,969,0,2717,4724,968,862,276,6623,84,708,0,4522,4767,4767,55
7,69,7164,71328,6016,12,13,41,0,817,1317,1329,1339,41,1036,1951,1815,1951,2133,3724,822,815,0,2656,4421,816,777,241,6949,89,932,0,3951,4294,4294,11
7,70,7260,72336,6016,24,23,51,0,841,1341,1353,1363,51,991,1904,1960,1904,2489,4709,657,732,0,2273,3872,732,692,225,6739,72,672,0,4037,3964,3964,132
7,71,7356,73338,6016,18,19,57,0,859,1359,1371,1381,57,1122,2242,2205,2242,2626,4832,923,890,0,2610,4546,889,882,274,6798,184,671,0,4618,4587,4587,173
7,72,7455,74356,6016,19,19,42,0,878,1378,1390,1400,42,927,1740,1725,1741,3020,4785,1028,837,0,2641,4576,838,933,290,6965,122,631,0,5045,4913,4913,544
7,73,7545,75366,6016,14,15,44,0,892,1392,1404,1414,44,780,1543,1616,1543,2433,4088,889,855,0,2317,4154,855,826,275,7111,98,592,0,4337,3755,3755,164
7,74,7642,76370,6016,22,20,50,0,914,1414,1426,1436,50,977,1951,1927,1950,2230,4039,876,769,0,2341,4289,769,993,219,7307,57,710,0,4047,4146,4146,21
7,75,7738,77380,6016,23,23,56,0,937,1437,1449,1459,56,1234,2294,2298,2294,2686,4683,1020,868,0,2743,4706,867,921,236,7660,109,1011,0,4733,4754,4754,69
7,76,7853,78396,6016,24,25,62,0,961,1461,1473,1483,62,1248,2452,2426,2452,3521,6184,1019,1039,0,3243,5559,1040,1101,223,7391,119,774,0,5760,5576,5576,86
7,77,7964,79418,6016,20,19,68,0,981,1481,1493,1503,68,1189,2438,2481,2438,2868,5425,1196,1059,0,3167,5599,1059,1200,279,7334,107,698,0,5303,5541,5541,91
7,78,8060,80432,6016,19,20,44,0,1000,1500,1511,1521,44,1029,1901,1865,1902,2618,4717,815,790,0,2305,3911,790,660,304,7235,117,464,0,4361,4300,4300,500
7,79,8157,81529,6016,4,3,10,3,1004,1504,1516,1526,10,52,135,242,135,1044,1073,1053,137,0,288,458,137,13,408,7517,172,677,0,2123,2916,1244,1586
7,80,8257,82566,6016,5,5,24,7,1009,1509,1521,1531,24,497,941,953,940,1407,1918,604,1156,0,1799,4062,1156,855,477,7801,211,1122,0,3281,2859,2860,404
3,0,92,1021,4736,3,10,41,0,1,4,16,26,41,790,1397,1569,1398,1941,2858,394,464,0,1526,2481,464,349,300,363,116,652,0,2979,2631,2631,150
3,1,200,2045,4864,22,15,59,0,1,26,38,48,59,981,2049,2102,2048,3107,5186,884,836,0,2791,4594,835,806,297,373,69,677,0,4971,4748,4748,313
3,2,295,3055,4864,15,15,35,0,1,41,53,63,35,707,1338,1372,1338,2135,3603,635,839,0,1996,3703,840,697,172,518,70,583,0,3770,3475,3475,84
3,3,390,4082,4992,18,22,60,0,1,59,71,81,60,1285,2525,2425,2524,3101,5313,655,864,0,3234,4987,864,709,355,788,77,804,0,4800,4939,4939,36
3,4,491,5096,5120,24,20,54,0,1,83,95,105,54,883,1773,1909,1774,3011,4916,823,654,0,2449,3897,654,640,467,690,116,808,0,4668,4242,4242,381
3,5,594,6108,5120,14,15,55,0,1,97,109,119,55,1026,2158,2071,2159,2770,5241,841,806,0,2979,4868,806,898,239,694,76,467,0,4534,4610,4610,159
3,6,701,7145,5120,23,22,62,0,1,120,132,142,62,1044,2141,2222,2141,2582,4603,820,725,0,2902,4592,725,804,245,985,112,668,0,4307,4715,4715,282
3,7,801,8163,5248,16,16,38,1,1,136,148,158,38,968,1771,1690,1770,2706,4510,1002,1290,0,2849,5367,1290,1045,226,1410,77,554,0,5178,5138,5138,141
3,8,897,9173,5248,27,27,73,0,1,163,175,185,73,1273,2627,2660,2627,3207,5541,888,953,0,2977,4939,953,832,343,1695,110,880,0,5207,5029,5029,231
3,9,1003,10181,5376,21,21,66,0,1,184,194,204,66,1063,2298,2317,2298,2857,5327,626,828,0,2778,4461,828,676,363,1686,134,727,0,4491,4258,4258,28
3,10,1099,11204,5376,13,13,35,0,1,197,209,219,35,699,1356,1364,1356,2061,3527,796,684,0,2235,3872,684,787,258,1819,94,625,0,3701,3811,3811,11
3,11,1189,12211,5376,3,6,24,0,1,200,212,222,24,547,1101,1003,1102,2152,3414,681,497,0,1654,2796,497,509,183,1940,62,366,0,3490,2905,2905,120
3,12,1288,13232,5376,23,20,55,0,1,223,235,245,55,1019,1945,2064,1944,2226,3827,574,698,0,2396,3959,698,679,295,2223,105,829,0,3658,3845,3845,40
3,13,1386,14248,5376,19,20,67,0,1,242,254,264,67,1174,2495,2447,2495,3048,5575,849,855,0,3107,4974,855,838,311,2196,97,749,0,4932,4962,4962,28
3,14,1484,15258,5376,14,16,43,0,1,256,268,278,43,1016,1881,1833,1882,2392,4416,742,720,0,2398,3931,720,649,342,2183,136,558,0,4034,4222,4222,328
3,15,1592,16269,5504,21,18,42,1,1,277,289,299,42,861,1510,1659,1510,1999,3315,1004,807,0,2599,4481,807,923,492,2468,177,933,0,3966,5282,5230,1095
3,16,1708,17290,5632,28,28,56,0,1,305,317,327,56,1378,2564,2442,2564,3218,5778,1209,1370,0,3850,6683,1370,1264,328,2913,120,815,0,5564,5825,5825,271
3,17,1804,18300,5632,26,27,64,0,1,331,343,353,64,1213,2435,2429,2434,2987,5570,716,879,0,2795,4675,879,826,365,2851,170,661,0,4556,4542,4542,158
3,18,1908,19313,5632,18,18,54,0,1,349,361,371,54,1031,2106,2057,2106,2626,4642,1083,868,0,2894,4869,868,931,315,2957,138,702,0,4737,4659,4659,19
3,19,2006,20320,5760,20,20,57,0,1,369,381,391,57,918,1920,2001,1920,2460,4472,822,879,0,2327,4260,879,884,300,3163,83,691,0,4341,4185,4185,100
3,20,2113,21330,5760,10,9,27,5,1,379,391,401,27,436,837,949,837,1680,2718,666,961,0,1492,2995,960,363,247,3257,73,602,0,3486,2907,2907,12
3,21,2250,22606,5760,3,4,18,8,1,382,394,404,18,256,507,598,508,1647,2390,434,556,0,877,2184,557,578,160,3330,43,527,0,2590,1782,1782,55
3,22,2337,23672,5888,2,1,27,15,1,384,396,406,27,586,1054,1099,1055,1530,1996,944,353,0,1361,2193,353,383,486,3533,150,1175,0,2843,3121,3121,983
3,23,2445,24676,5888,15,17,28,0,1,399,411,421,28,713,1419,1245,1419,3054,4527,1032,1107,0,2800,5168,1107,1081,413,4652,162,946,0,5373,4901,4862,677
3,24,2548,25705,5888,21,20,46,0,1,420,432,442,46,1065,2020,1939,2019,2531,4860,812,875,0,2658,4717,875,987,227,4520,111,557,0,4398,4196,4196,156
3,25,2649,26713,5888,27,27,65,0,1,447,459,469,65,1151,2305,2386,2306,2819,5184,761,949,0,2894,4888,949,874,197,4578,43,578,0,4709,4852,4852,120
3,26,2755,27721,6016,26,25,64,0,1,473,485,495,64,1232,2470,2448,2471,3009,5400,908,879,0,2833,4714,879,832,440,4622,150,642,0,4971,4810,4810,216
3,27,2861,28729,6016,23,23,68,0,1,496,508,518,68,1274,2588,2566,2588,3383,5878,1161,1116,0,3334,5722,1116,1092,339,4833,120,713,0,5840,5732,5732,226
3,28,2968,29738,6016,20,23,71,0,16,516,528,538,71,1321,2689,2670,2688,3522,6304,849,1074,0,3424,5632,1073,956,278,4797,88,601,0,5604,5458,5458,52
3,29,3076,30749,6016,28,25,81,0,44,544,556,566,81,1281,2732,2820,2732,3230,5874,1030,873,0,3286,5237,873,906,461,4832,127,777,0,5313,5276,5276,91
3,30,3179,31755,6016,20,20,64,0,64,564,576,586,64,1153,2429,2369,2430,2979,5362,922,885,0,3151,5155,886,951,362,5080,105,763,0,4967,5187,5187,124
3,31,3275,32769,6016,20,20,51,0,84,584,596,606,51,1141,2147,2110,2146,2564,4816,682,812,0,2683,4448,812,776,133,4940,52,712,0,4237,4424,4424,100
3,32,3379,33779,6016,18,18,51,0,102,602,614,624,51,947,1881,1916,1882,2414,4536,1077,772,0,2416,4219,772,863,203,4911,112,506,0,4423,4317,4317,287
3,33,3493,34787,6016,23,22,62,0,125,625,637,647,62,1152,2350,2330,2349,3217,5463,1018,1008,0,2917,5201,1008,1093,282,5070,139,594,0,5420,4939,4939,25
3,34,3597,35795,6016,24,24,60,0,149,649,661,671,60,1132,2249,2272,2249,2603,4815,760,864,0,2976,4835,864,827,246,5172,72,654,0,4407,5117,5117,307
3,35,3705,36802,6016,25,25,67,0,174,674,686,696,67,1309,2546,2582,2547,3024,5240,1042,1030,0,2852,5171,1030,1105,232,5490,103,1020,0,5256,4967,4967,106
3,36,3813,37822,6016,21,21,53,0,195,695,707,717,53,1002,2087,2009,2086,2718,5216,938,1029,0,2525,4601,1029,888,383,5280,109,532,0,4865,4898,4898,403
3,37,3920,38875,6016,17,17,60,0,212,712,724,734,60,978,2041,2118,2040,3337,5445,881,875,0,2587,4463,875,825,300,5267,113,543,0,5273,4524,4524,464
3,38,4018,39954,6016,11,11,34,7,223,723,735,745,34,717,1264,1363,1264,1074,2114,681,665,0,2103,3708,665,759,120,5583,63,866,0,2580,3169,3169,40
3,39,4114,40963,6016,24,24,62,0,247,747,759,769,62,1133,2360,2311,2360,2807,5095,796,945,0,2883,4774,945,768,361,5827,117,889,0,4728,4854,4854,120
3,40,4194,41972,6144,3,4,0,0,250,750,759,769,0,195,394,195,395,1593,2209,976,83,0,490,754,83,150,397,5454,109,468,0,2832,3484,2678,2044
3,41,4340,43241,6272,20,19,31,0,270,770,777,787,31,872,1422,1461,1421,2951,4322,1028,1644,0,2903,6046,1644,1246,376,5978,117,878,0,4789,3945,3945,0
3,42,4432,44249,6272,12,12,47,0,282,782,794,804,47,1017,1901,1910,1901,2555,4405,729,916,0,2508,4418,916,825,187,6065,79,938,0,4360,4483,4483,65
3,43,4530,45252,6272,28,28,66,0,310,810,822,832,66,1209,2496,2463,2497,3056,5940,956,935,0,2821,4886,935,956,351,5692,129,517,0,5127,4933,4933,112
3,44,4630,46255,6272,17,18,61,0,327,827,839,849,61,1117,2211,2276,2210,2824,4899,950,883,0,2713,4718,883,942,212,5952,79,762,0,4817,4712,4712,106
3,45,4732,47283,6272,21,20,50,0,348,848,860,870,50,1071,2029,2021,2029,2509,4515,954,801,0,2727,4542,801,854,327,6113,121,778,0,4444,4765,4765,329
3,46,4827,48297,6272,22,23,52,0,370,870,882,892,52,1120,2129,2108,2128,3004,5242,901,861,0,2750,4778,861,986,139,6209,119,679,0,4946,4637,4637,188
3,47,4925,49338,6272,22,21,63,0,392,892,904,914,63,1244,2416,2441,2415,2853,5167,922,1056,0,3066,5206,1056,904,225,6392,73,806,0,4991,5125,5125,110
3,48,5017,50376,6272,18,21,53,0,410,910,922,932,53,1191,2286,2198,2287,2914,5297,906,923,0,2780,4705,923,823,280,6258,134,621,0,4729,4586,4586,166
3,49,5120,51386,6272,24,22,63,0,434,934,946,956,63,1121,2241,2318,2241,2522,4588,812,808,0,2615,4469,808,863,279,6479,111,876,0,4318,4331,4331,29
3,50,5218,52396,6272,24,23,55,0,458,958,970,980,55,1106,2146,2151,2146,3366,5565,955,1100,0,2742,4908,1100,901,374,6591,107,828,0,5601,4993,4993,114
3,51,5320,53405,6272,15,16,39,0,473,973,983,993,39,952,1742,1693,1742,2598,4101,677,950,0,2689,4597,950,782,232,7111,77,1023,0,4385,4490,4490,62
3,52,5426,54416,6272,26,25,65,0,499,999,1011,1021,65,1212,2373,2447,2373,3010,5738,934,902,0,2769,4677,902,833,413,6827,146,780,0,5026,4635,4635,54
3,53,5520,55424,6272,12,12,38,0,511,1011,1023,1033,38,810,1568,1532,1568,1929,3336,885,730,0,2295,3799,730,635,372,7094,172,903,0,3724,4891,4891,1146
3,54,5633,56467,6272,15,15,37,11,526,1026,1038,1048,37,930,1734,1633,1734,3065,4875,1131,1379,0,3155,5886,1379,1162,496,7592,171,728,0,5755,5272,5272,553
3,55,5739,57513,6272,25,25,47,0,551,1051,1063,1073,47,962,1889,1855,1889,2432,4312,679,827,0,2559,4453,827,875,254,7912,95,709,0,4118,3957,3957,69
3,56,5839,58521,6272,26,26,73,0,577,1077,1089,1099,73,1255,2573,2642,2572,3205,5835,758,876,0,2918,4821,875,853,306,7807,118,721,0,4998,4839,4839,87
3,57,5943,59531,6272,19,19,62,0,596,1096,1108,1118,62,1131,2299,2309,2299,2905,5331,1156,1023,0,2940,5199,1023,1067,278,7705,111,603,0,5264,5322,5322,212
3,58,6043,60538,6272,21,21,55,0,617,1117,1129,1139,55,1090,2118,2135,2118,2522,4430,754,916,0,2701,4544,916,760,380,7975,96,831,0,4372,4546,4546,214
3,59,6144,61547,6272,8,9,20,0,625,1125,1137,1147,20,502,938,882,939,2168,3468,877,432,0,1236,2169,433,405,288,7835,121,413,0,3648,3364,3364,1414
3,60,6251,62584,6272,12,13,35,7,637,1137,1149,1159,35,564,1166,1229,1165,1896,2817,1102,1510,0,2440,5407,1510,1195,330,8683,117,738,0,4687,4303,4013,98
3,61,6353,63643,6272,14,20,45,0,651,1151,1163,1173,45,972,1900,1827,1901,2175,4158,932,865,0,2668,4747,865,1042,187,8568,63,582,0,4151,4715,4715,79
3,62,6459,64659,6272,33,25,76,0,684,1184,1196,1206,76,1194,2451,2638,2451,3230,5906,857,892,0,2866,4699,892,767,437,8620,166,550,0,5148,4881,4881,265
3,63,6569,65670,6400,17,18,59,0,701,1201,1213,1223,59,1098,2248,2219,2248,2832,4990,1024,1043,0,3094,5313,1043,1009,359,8727,219,611,0,5059,5351,5351,305
3,64,6682,66677,6400,24,23,55,0,725,1225,1237,1247,55,1160,2211,2205,2211,3040,5024,1092,1031,0,2825,5070,1031,1038,343,9098,106,837,0,5342,4961,4961,196
3,65,6789,67713,6400,20,21,57,0,745,1245,1257,1267,57,1073,2118,2156,2117,2819,5114,888,946,0,2745,4810,946,933,343,9186,145,821,0,4820,4638,4638,24
3,66,6897,68772,6400,25,23,70,0,770,1270,1282,1292,70,1125,2425,2455,2426,3363,5683,944,962,0,3224,5255,962,901,384,9433,87,956,0,5449,5483,5483,257
3,67,7002,69789,6400,19,18,59,0,789,1289,1301,1311,59,1148,2321,2269,2321,2594,5234,1116,903,0,2823,4971,903,1066,353,9049,173,605,0,4748,4901,4901,246
3,68,7099,70799,6400,17,18,62,0,806,1306,1318,1328,62,1025,2234,2203,2234,2929,5213,1011,971,0,2547,4756,971,1063,222,9166,81,525,0,5081,4680,4680,170
3,69,7193,71806,6400,27,26,70,0,833,1333,1345,1355,70,1014,2189,2344,2189,2778,4713,737,749,0,2772,4392,749,698,350,9484,102,934,0,4443,4409,4409,201
3,70,7296,72813,6400,13,14,50,0,846,1346,1358,1368,50,1066,2159,2016,2160,3205,5599,689,571,0,2503,3862,571,621,350,9234,161,556,0,4625,3953,3953,317
3,71,7402,73816,6400,22,21,69,0,868,1368,1380,1390,69,1111,2343,2422,2342,3004,5051,979,816,0,3235,5374,816,1141,252,9457,67,931,0,4979,5017,5017,21
3,72,7498,74832,6400,15,18,43,0,883,1383,1395,1405,43,917,1805,1734,1805,2686,4762,604,934,0,2220,3905,934,575,337,9626,110,682,0,4424,3924,3924,41
3,73,7684,75860,6400,14,11,33,4,897,1397,1409,1419,33,590,1197,1217,1198,1664,2457,700,579,0,1728,3012,579,563,439,10113,179,1106,0,2976,3380,3380,419
3,74,7786,76879,6400,27,27,60,0,924,1424,1436,1446,60,1230,2369,2370,2369,3046,5821,852,963,0,2965,5065,963,955,302,9906,77,711,0,4762,4689,4689,83
3,75,7893,77889,6400,18,18,53,0,942,1442,1454,1464,53,1193,2218,2200,2218,2832,5180,903,965,0,2896,4893,965,858,235,10034,84,598,0,4748,4940,4940,182
3,76,7991,78921,6400,27,29,67,0,969,1469,1481,1491,67,1205,2446,2478,2447,3376,5626,1033,852,0,3123,5132,852,990,222,10236,69,825,0,5362,5004,5004,186
3,77,8087,79927,6400,22,20,56,0,991,1491,1503,1513,56,1249,2318,2313,2317,2661,4716,798,834,0,2908,4697,834,777,335,10430,136,1084,0,4453,4638,4638,127
3,78,8193,80934,6400,9,11,24,0,1000,1500,1510,1520,24,499,1016,955,1017,1965,3675,853,471,0,1252,2211,471,396,312,9909,106,329,0,3469,3286,3286,1269
3,79,8289,82001,6400,2,0,12,4,1002,1502,1514,1524,12,126,225,354,224,329,329,917,787,0,1133,2493,786,400,225,10300,100,683,0,2192,2865,1765,610
3,80,8419,83035,6400,5,5,20,4,1007,1507,1519,1529,20,599,1104,979,1104,2209,3188,651,718,0,1672,3369,719,796,510,10366,175,759,0,3683,3409,3408,660
11,0,121,1038,4864,12,12,64,0,1,13,25,35,64,1013,1992,2229,1992,2603,4150,712,610,0,2122,3543,610,651,243,224,109,682,0,4105,3723,3723,180
11,1,232,2062,4864,20,20,57,0,1,33,45,55,57,915,1931,1998,1931,3131,5248,807,763,0,2668,4387,763,786,174,146,45,563,0,4881,4368,4368,196
11,2,316,3089,4864,13,13,42,0,1,46,58,68,42,788,1652,1586,1652,2324,3823,739,713,0,2306,3937,713,751,378,492,178,725,0,3865,3812,3812,104
11,3,413,4103,4864,25,25,64,0,1,71,83,93,64,1233,2443,2449,2443,2625,5019,1071,931,0,2996,5235,931,1129,232,567,83,780,0,4807,5160,5160,30
11,4,510,5117,4992,13,13,55,0,1,84,96,106,55,840,1819,1885,1820,2691,4609,759,812,0,2312,3940,812,651,309,833,94,747,0,4422,4276,4276,366
11,5,607,6121,5120,20,22,54,0,1,104,116,126,54,1103,2234,2129,2234,2876,5035,652,858,0,2828,4572,858,711,408,952,106,716,0,4566,4281,4281,84
11,6,702,7132,5120,17,15,57,0,1,121,133,143,57,985,2019,2068,2018,2609,4903,844,669,0,2676,4269,669,754,203,669,76,491,0,4282,4258,4258,73
11,7,804,8148,5120,21,21,60,0,1,142,154,164,60,975,2093,2115,2093,2781,4790,633,720,0,2582,4218,720,736,227,871,143,597,0,4265,4188,4188,64
11,8,914,9169,5248,20,22,63,0,1,162,174,184,63,1266,2464,2463,2465,3298,5436,1081,973,0,3181,5284,973,968,275,1167,113,922,0,5532,5406,5406,210
11,9,1022,10186,5248,22,20,52,0,1,184,196,206,52,1032,2038,2020,2037,2520,4666,816,697,0,2576,4251,697,796,274,1131,99,796,0,4187,4135,4135,112
11,10,1105,11191,5248,14,14,41,0,1,198,210,220,41,715,1483,1494,1483,2124,3705,459,690,0,1831,3234,690,544,291,1284,82,709,0,3452,3195,3195,73
11,11,1199,12194,5248,4,8,24,0,1,202,214,224,24,500,944,956,944,1666,2911,551,558,0,1397,2548,558,454,311,1090,63,420,0,2915,2612,2612,138
11,12,1302,13198,5248,16,16,48,0,1,218,230,240,48,1130,2108,2042,2108,2078,3494,881,896,0,2690,4738,896,971,161,1788,42,1046,0,4035,4606,4606,6
11,13,1394,14200,5376,26,22,55,0,1,244,256,266,55,1051,2025,2096,2026,2956,5492,774,768,0,2558,4232,767,737,166,1418,92,627,0,4657,4322,4322,96
11,14,1495,15225,5376,20,20,49,0,1,264,276,286,49,1016,1896,1947,1896,2445,4418,814,908,0,2785,4617,909,765,131,1560,55,621,0,4271,4495,4495,0
11,15,1590,16242,5376,26,26,65,0,1,290,302,312,65,1150,2383,2385,2384,3223,5540,907,842,0,3031,4926,842,878,247,1684,79,689,0,5152,5036,5036,110
11,16,1684,17259,5376,24,24,67,0,1,314,326,336,67,1158,2357,2431,2356,2801,5020,759,828,0,3169,4829,828,661,421,2011,122,957,0,4541,4833,4833,206
11,17,1791,18265,5376,25,25,69,0,1,339,351,361,69,1243,2516,2554,2516,2865,5379,871,918,0,2936,5024,918,993,305,2097,80,997,0,4833,4864,4864,46
11,18,1884,19278,5632,15,17,58,0,1,354,366,376,58,891,2107,1993,2107,2887,5185,872,837,0,2515,4238,837,722,319,2148,122,692,0,4756,4239,4239,52
11,19,1972,20295,5632,18,17,52,0,1,372,384,394,52,1015,1930,2003,1930,2472,4431,503,720,0,2208,3721,720,617,285,2103,87,736,0,3875,3843,3843,174
11,20,2042,21324,5632,3,4,0,0,1,375,384,394,0,170,331,170,332,1009,1674,1054,153,0,458,712,153,80,373,1820,120,241,0,2396,3174,2563,2044
11,21,2152,22495,5760,4,3,33,22,1,379,391,401,33,576,670,1203,669,166,166,585,944,0,1638,3558,944,710,166,2246,58,1444,0,1706,1926,1517,3
11,22,2240,23532,6016,1,1,20,9,1,380,392,402,20,494,826,874,827,1584,2171,583,421,0,1166,2103,421,371,343,2526,97,1744,0,2763,2963,2963,907
11,23,2354,24534,6144,15,14,31,9,1,395,407,417,31,520,1796,1109,1795,3477,5746,1002,1309,0,3356,5951,1309,1097,336,2971,104,586,0,5948,5347,5347,303
11,24,2446,25539,6144,27,32,47,0,1,422,434,444,47,989,1965,1882,1966,2313,3982,900,678,0,2571,4381,678,953,326,3157,146,799,0,4071,4162,4162,84
11,25,2547,26548,6144,25,20,62,0,1,447,459,469,62,1162,2213,2340,2212,2726,5205,859,838,0,2588,4442,838,836,299,2945,107,660,0,4603,4383,4383,25
11,26,2634,27556,6144,22,22,50,0,1,469,481,491,50,1279,2350,2229,2350,2798,5022,699,701,0,2738,4326,701,713,245,2877,79,665,0,4378,4330,4330,29
11,27,2716,28564,6144,28,28,64,0,1,497,509,519,64,1254,2402,2470,2402,2857,5341,656,719,0,2837,4427,719,696,261,2951,62,651,0,4412,4472,4472,74
11,28,2817,29572,6144,25,25,62,0,22,522,534,544,62,1274,2410,2452,2410,2773,5146,848,884,0,2930,4816,884,829,280,3043,105,730,0,4665,4754,4754,12
11,29,2913,30590,6272,20,21,66,0,42,542,554,564,66,1251,2525,2505,2526,2825,5248,1000,874,0,2935,4913,874,934,389,3063,195,812,0,4879,5167,5167,266
11,30,3013,31598,6272,22,21,66,0,64,564,576,586,66,1238,2496,2492,2495,3287,5934,996,895,0,3056,5139,895,1005,406,3073,111,657,0,5358,4875,4875,2
11,31,3111,32609,6272,26,26,65,0,90,590,602,612,65,1156,2346,2391,2346,2816,5039,751,818,0,2717,4525,817,817,350,3206,91,825,0,4564,4613,4613,90
11,32,3216,33616,6272,14,15,42,0,104,604,616,626,42,944,1811,1742,1811,2543,4353,884,777,0,2339,4050,778,768,245,3316,71,756,0,4364,4043,4043,83
11,33,3323,34624,6272,22,25,66,0,126,626,638,648,66,1137,2488,2391,2488,3087,5693,634,813,0,3005,4731,812,739,366,3168,110,542,0,4713,4758,4758,116
11,34,3435,35643,6272,23,19,64,0,149,649,661,671,64,1197,2319,2413,2319,2761,4676,1026,920,0,2972,5082,921,1014,128,3707,49,1039,0,4888,5052,5052,128
11,35,3530,36657,6272,24,24,66,0,173,673,685,695,66,1225,2467,2479,2467,2756,5570,720,901,0,2759,4518,900,685,322,3368,101,705,0,4536,4638,4638,248
11,36,3628,37665,6272,23,23,56,0,196,696,708,718,56,1023,2124,2087,2124,3173,5347,780,710,0,2669,4224,711,678,345,3341,106,618,0,4579,4109,4109,148
11,37,3727,38692,6272,13,13,50,0,209,709,721,731,50,980,1906,1930,1907,2120,3717,740,593,0,2523,4062,593,781,270,3606,83,951,0,3633,3964,3964,89
11,38,3813,39760,6272,14,14,32,6,223,723,735,745,32,641,1236,1249,1236,1752,2982,610,763,0,1918,3484,763,626,145,4061,71,1002,0,3228,3265,3265,69
11,39,3909,40767,6272,23,23,55,0,246,746,758,768,55,1121,2156,2166,2156,2888,4933,1092,888,0,2688,4672,887,928,609,4065,259,1123,0,5046,4948,4948,345
11,40,4024,41779,6272,2,7,25,7,248,748,760,770,25,423,842,898,842,1711,3327,743,866,0,1620,3163,867,485,229,3970,78,405,0,3501,2888,2888,73
11,41,4139,43000,6272,15,11,32,1,263,763,775,785,32,602,1105,1210,1106,2070,3164,952,875,0,1743,3769,875,964,433,4223,155,598,0,3386,3550,3550,392
11,42,4232,44001,6272,19,16,50,0,282,782,794,804,50,979,2069,1929,2068,2576,4579,764,748,0,2620,4494,748,944,318,4253,79,524,0,4268,4219,4219,117
11,43,4319,45006,6272,25,25,59,0,307,807,819,829,59,1221,2298,2342,2299,2373,4229,754,788,0,2672,4325,788,692,486,4591,149,1010,0,4095,4383,4383,175
11,44,4418,46010,6272,19,18,55,0,326,826,838,848,55,1126,2172,2171,2171,2950,5518,789,887,0,2733,4632,887,840,237,4406,90,613,0,4806,4541,4541,84
11,45,4519,47027,6272,22,22,66,0,348,848,860,870,66,1135,2375,2389,2376,2866,5144,1081,863,0,2845,4849,863,967,433,4413,135,723,0,4966,5027,5027,289
11,46,4622,48056,6272,21,21,63,0,369,869,881,891,63,1031,2191,2228,2191,2635,4920,822,932,0,2845,4799,932,839,341,4511,108,716,0,4462,4695,4695,250
11,47,4720,49068,6272,21,21,70,0,390,890,902,912,70,1181,2511,2511,2511,3371,5826,919,982,0,2894,5040,982,1001,233,4634,103,772,0,5452,4889,4889,99
11,48,4821,50079,6272,20,20,71,0,410,910,922,932,71,1193,2582,2542,2582,3100,5746,812,786,0,3052,4752,786,738,553,4435,190,668,0,4878,5015,5015,362
11,49,4920,51090,6272,15,22,49,0,425,925,937,947,49,1078,2145,2009,2145,2416,4562,955,956,0,2774,4858,956,944,246,4714,128,531,0,4392,4504,4504,37
11,50,5027,52119,6272,26,24,70,0,451,951,963,973,70,1207,2463,2537,2463,3077,5584,970,910,0,2900,4918,910,943,265,4718,129,561,0,5137,4907,4907,123
11,51,5124,53130,6272,22,18,58,0,473,973,985,995,58,895,1903,1997,1903,2518,4203,483,560,0,2520,3858,560,601,353,4986,158,873,0,3741,3851,3851,124
11,52,5226,54145,6272,26,25,59,0,499,999,1011,1021,59,1274,2388,2395,2388,3482,5881,1161,845,0,3012,5085,845,1057,332,5051,111,869,0,5668,5047,5047,88
11,53,5321,55152,6272,17,17,61,0,516,1016,1028,1038,61,995,2139,2154,2139,2407,4875,635,784,0,2637,4316,783,728,252,4849,70,555,0,3985,4394,4394,170
11,54,5409,56166,6272,16,18,48,0,532,1032,1044,1054,48,760,1690,1672,1690,2525,4125,707,745,0,2288,3806,746,611,233,5122,55,627,0,4134,3911,3911,283
11,55,5500,57178,6272,13,14,45,0,545,1045,1057,1067,45,842,1790,1697,1790,2321,3995,599,703,0,2214,3751,703,655,168,5455,53,649,0,3803,3509,3509,59
11,56,5594,58186,6272,30,27,77,0,575,1075,1087,1097,77,1267,2633,2730,2633,2754,5135,915,925,0,2955,4981,925,927,277,5627,111,999,0,4754,4941,4941,19
11,57,5698,59195,6272,21,21,59,0,596,1096,1108,1118,59,1190,2314,2311,2314,2770,5206,857,879,0,2625,4481,879,807,326,5403,101,874,0,4685,4655,4655,193
11,58,5805,60204,6272,20,20,58,0,616,1116,1128,1138,58,1059,2159,2161,2159,2819,5341,789,988,0,2663,4666,988,839,327,5336,108,513,0,4776,4525,4525,52
11,59,5903,61212,6272,9,10,25,0,625,1125,1137,1147,25,662,1189,1137,1190,1945,3108,829,464,0,1514,2568,464,471,244,5279,113,487,0,3398,3398,3398,912
11,60,5994,62282,6272,2,2,7,2,627,1127,1139,1149,7,66,150,199,150,1076,1128,947,947,0,680,1897,947,140,308,5663,126,634,0,2974,4205,2541,1680
11,61,6109,63297,6272,13,19,35,2,640,1140,1152,1162,35,1253,2244,1918,2244,2906,4931,1148,1659,0,3940,7311,1659,1477,325,6208,150,680,0,5790,5646,5646,73
11,62,6205,64328,6272,36,27,69,0,676,1176,1188,1198,69,1192,2320,2503,2321,2698,5002,840,954,0,2688,4681,954,860,260,6338,118,886,0,4648,4647,4647,39
11,63,6307,65345,6272,23,23,64,0,699,1199,1211,1221,64,1124,2321,2340,2320,3147,5597,856,798,0,2964,4832,797,903,470,6168,203,776,0,4944,4932,4932,153
11,64,6403,66352,6272,25,25,63,0,724,1224,1236,1246,63,1112,2289,2309,2289,2728,5005,1080,1005,0,3033,5263,1006,1048,403,6305,157,808,0,4974,5168,5168,68
11,65,6504,67361,6272,16,17,69,0,740,1240,1252,1262,69,1057,2352,2368,2353,3072,5420,1021,934,0,2980,5139,934,1049,249,6340,77,827,0,5207,5131,5130,59
11,66,6616,68397,6272,22,21,62,0,762,1262,1274,1284,62,1158,2409,2336,2409,2997,5517,1039,1016,0,3027,5131,1016,909,454,6208,216,645,0,5231,5165,5165,204
11,67,6718,69404,6272,25,25,60,0,787,1287,1299,1309,60,1119,2221,2259,2221,2833,5147,943,1060,0,3012,5237,1060,1000,311,6290,102,590,0,4996,5305,5305,272
11,68,6828,70432,6272,18,18,59,0,805,1305,1317,1327,59,1037,2152,2158,2153,3062,5300,979,891,0,2556,4563,891,950,345,6240,142,510,0,5112,4703,4703,413
11,69,6922,71442,6272,14,14,48,0,819,1319,1331,1341,48,1051,1958,1963,1957,2576,4339,904,840,0,2778,4663,840,860,356,6445,110,710,0,4500,4681,4681,430
11,70,7019,72448,6272,26,26,54,0,845,1345,1357,1367,54,1118,2085,2144,2085,2337,4643,708,773,0,2806,4583,773,823,300,6442,158,567,0,3963,4184,4184,48
11,71,7112,73463,6272,23,23,54,0,868,1368,1380,1390,54,1069,2072,2095,2072,2603,4416,856,752,0,2605,4380,752,850,154,6810,44,849,0,4391,4339,4339,67
11,72,7201,74471,6272,16,16,45,0,884,1384,1396,1406,45,931,1831,1786,1831,2327,4054,597,610,0,2106,3460,610,576,236,6996,62,908,0,3694,3481,3481,91
11,73,7279,75509,6272,12,12,34,0,896,1396,1408,1418,34,687,1332,1333,1332,1889,3439,648,561,0,1699,2960,561,555,197,6951,64,691,0,2962,2914,2914,155
11,74,7372,76519,6272,23,24,51,0,919,1419,1427,1437,51,1111,2111,2080,2110,2545,4672,807,867,0,2542,4437,867,849,324,6936,143,676,0,4387,4279,4279,13
11,75,7474,77522,6272,24,23,77,0,943,1443,1455,1465,77,1253,2676,2716,2676,3230,6004,1079,752,0,3187,5076,752,973,328,6812,99,618,0,5241,5181,5181,118
11,76,7577,78535,6272,25,25,69,0,968,1468,1480,1490,69,1184,2478,2495,2479,2704,4838,881,1022,0,2998,4963,1022,781,574,7171,269,979,0,4787,5216,5216,384
11,77,7678,79542,6272,18,22,55,0,986,1486,1498,1508,55,1164,2287,2209,2286,2934,5486,809,886,0,3149,5223,886,1008,289,6904,132,636,0,4789,5028,5028,189
11,78,7770,80559,6272,14,13,31,0,1000,1500,1506,1516,31,741,1440,1330,1441,1926,3686,860,607,0,1709,2923,607,492,246,6854,86,206,0,3441,3490,3490,874
11,79,7841,81690,6272,4,1,12,0,1004,1504,1516,1526,12,190,255,418,254,253,253,697,720,0,1144,2805,720,695,97,7114,25,624,0,1717,1926,1693,13
11,80,7925,82700,6272,2,2,32,20,1006,1506,1518,1528,32,463,815,1071,816,2182,3059,477,322,0,1130,1859,322,259,442,7365,110,819,0,3160,2589,2589,743
13,0,103,1037,4736,12,12,60,0,1,13,25,35,60,1095,2011,2235,2011,2866,4401,514,612,0,2349,3577,612,452,309,312,104,700,0,4172,3706,3706,129
13,1,207,2086,4864,16,18,55,0,1,29,41,51,55,915,1958,1960,1959,2688,4623,894,758,0,2625,4413,758,856,248,539,68,725,0,4520,4318,4318,124
13,2,309,3103,4864,17,16,47,0,1,46,58,68,47,857,1788,1750,1787,2378,4186,647,735,0,2277,3820,735,638,308,644,91,667,0,3920,3709,3709,94
13,3,412,4109,4864,24,23,71,0,1,70,82,92,71,1179,2453,2528,2453,2830,5293,715,719,0,2983,4652,719,782,269,602,94,732,0,4444,4664,4664,106
13,4,504,5116,4992,14,14,39,0,1,84,96,106,39,873,1666,1614,1667,2487,4244,762,734,0,2443,4020,734,677,260,701,65,589,0,4143,4099,4099,185
13,5,623,6137,4992,20,21,49,0,1,104,116,126,49,1116,2048,2047,2048,2381,4273,703,776,0,2760,4342,776,627,388,962,169,744,0,4040,4387,4387,277
13,6,727,7152,4992,16,18,42,0,1,120,132,142,42,960,1777,1758,1777,2223,4314,826,858,0,2554,4469,858,884,245,952,80,411,0,4067,4295,4295,133
13,7,830,8159,4992,25,22,58,0,1,145,157,167,58,1070,2158,2172,2157,2692,4496,982,850,0,2569,4567,849,974,253,1350,92,779,0,4702,4511,4511,83
13,8,928,9171,5120,20,21,61,0,1,165,177,187,61,1237,2344,2396,2344,2821,5012,864,860,0,2961,4903,861,916,144,1583,57,995,0,4725,4884,4884,106
13,9,1019,10179,5120,14,17,31,0,1,179,191,201,31,945,1608,1534,1607,1545,3107,688,581,0,2135,3539,581,644,123,1542,57,984,0,2986,3446,3446,44
13,10,1111,11214,5120,20,16,50,5,1,199,211,221,50,770,1610,1720,1610,2618,4629,665,730,0,1966,3441,729,584,366,1417,110,706,0,4169,3364,3364,18
13,11,1201,12227,5120,7,9,22,1,1,206,218,228,22,515,999,933,999,1389,2456,487,667,0,1636,2969,668,511,189,1628,102,572,0,2694,2839,2839,25
13,12,1302,13230,5120,19,18,53,0,1,225,237,247,53,1086,2100,2093,2100,2929,4980,814,844,0,2513,4388,844,863,109,1752,53,614,0,4767,4428,4428,65
13,13,1405,14235,5120,22,21,63,0,1,247,259,269,63,1140,2316,2337,2316,2846,5175,870,940,0,2955,4915,940,846,303,1804,111,622,0,4816,4905,4905,55
13,14,1493,15258,5248,19,19,57,0,1,266,278,288,57,998,2070,2081,2070,2894,4950,1056,679,0,2712,4549,679,983,227,1915,109,647,0,4809,4686,4686,212
13,15,1595,16268,5376,26,26,58,0,1,292,304,314,58,1129,2260,2231,2261,2689,4837,935,937,0,2847,4903,937,955,198,2108,46,730,0,4741,4847,4847,156
13,16,1695,17276,5376,25,25,79,0,1,317,329,339,79,1230,2587,2731,2587,3170,5736,760,826,0,2931,4728,826,794,419,2121,181,895,0,4936,4792,4792,220
13,17,1800,18278,5376,24,24,60,0,1,341,353,363,60,1210,2378,2350,2377,2980,5481,817,853,0,2909,4751,853,816,353,2032,137,744,0,4810,4668,4669,138
13,18,1892,19296,5376,13,17,48,0,1,354,366,376,48,944,1921,1856,1922,1888,3781,864,799,0,2595,4346,799,774,333,2161,128,707,0,3731,4218,4218,15
13,19,1991,20321,5376,21,18,50,0,1,375,383,393,50,1024,2038,1974,2038,2632,4612,787,797,0,2549,4361,797,851,333,2345,123,701,0,4396,4415,4415,145
13,20,2114,21386,5504,7,6,17,5,1,382,394,404,17,266,564,589,563,1959,2862,1136,1406,0,1584,3737,1406,567,228,2553,85,387,0,4268,3517,3316,20
13,21,2222,22529,5504,5,8,31,0,1,387,399,409,31,322,740,911,740,1304,1980,350,562,0,1032,2294,562,546,435,2891,178,639,0,2169,2377,2377,365
13,22,2325,23555,5504,9,7,20,0,1,396,408,418,20,649,1212,1029,1211,2376,3665,1056,694,0,2012,3745,694,853,269,3000,69,388,0,4000,3352,3352,42
13,23,2415,24563,5504,15,16,50,0,1,411,423,433,50,704,1547,1654,1547,2280,3638,587,574,0,2064,3466,573,659,275,3328,68,684,0,3619,3496,3496,72
13,24,2517,25573,5632,17,16,58,0,1,428,440,450,58,1059,2080,2161,2080,2641,4762,834,860,0,3025,4914,861,851,218,3442,73,724,0,4496,4842,4842,0
13,25,2613,26580,5632,21,20,59,0,1,449,461,471,59,1174,2278,2295,2278,2970,5335,763,925,0,2777,4570,925,691,362,3480,87,654,0,4838,4610,4610,47
13,26,2706,27588,5632,25,25,78,0,1,474,486,496,78,1175,2645,2657,2645,3094,5531,846,795,0,2903,4692,795,826,455,3750,114,874,0,4915,4941,4941,296
13,27,2803,28597,5760,24,24,70,0,1,498,510,520,70,1288,2570,2618,2570,3137,5707,957,756,0,3351,5217,756,936,461,3696,157,922,0,5030,5078,5078,157
13,28,2907,29604,5760,25,25,73,0,23,523,535,545,73,1295,2720,2682,2720,3537,6385,1031,1028,0,3340,5656,1028,1108,299,3644,109,779,0,5756,5551,5551,52
13,29,3008,30636,5760,19,21,73,0,42,542,554,564,73,1233,2606,2620,2606,2968,5436,942,1060,0,2944,5064,1060,883,322,3849,118,931,0,5130,5144,5144,142
13,30,3119,31660,5760,23,21,65,0,65,565,577,587,65,1068,2199,2303,2200,2944,5367,941,1179,0,2852,5170,1179,974,304,3884,86,880,0,5141,5222,5222,283
13,31,3213,32674,5760,25,25,53,0,90,590,602,612,53,1246,2307,2253,2306,2307,4524,803,729,0,3001,4685,729,770,290,3902,99,917,0,4019,4572,4572,172
13,32,3316,33697,5760,14,18,42,0,104,604,616,626,42,888,1760,1686,1761,2331,4550,655,731,0,2287,3814,731,631,384,3555,127,459,0,3473,3824,3824,221
13,33,3414,34711,5760,22,21,54,0,126,626,638,648,54,1185,2202,2211,2201,2636,4812,822,801,0,2579,4459,801,890,138,3679,60,494,0,4419,4344,4344,106
13,34,3515,35722,5760,25,23,54,0,151,651,663,673,54,1242,2250,2268,2250,2703,4908,833,829,0,2624,4389,828,758,279,3781,128,557,0,4544,4434,4434,155
13,35,3616,36745,5760,26,27,78,0,177,677,689,699,78,1296,2742,2778,2742,3058,5611,839,992,0,3217,5324,993,939,421,3932,155,782,0,5070,5220,5220,51
13,36,3715,37757,5760,19,17,59,0,196,696,708,718,59,948,2048,2069,2049,2338,4420,922,781,0,2490,4295,781,856,242,4135,139,769,0,4201,4308,4308,66
13,37,3817,38776,5760,15,15,42,0,211,711,723,733,42,865,1635,1663,1634,2132,4007,887,728,0,2256,3958,728,805,231,3917,80,557,0,3927,3911,3910,18
13,38,3913,39782,5760,13,13,36,0,224,724,736,746,36,682,1400,1366,1400,1689,2811,747,661,0,1916,3498,661,766,226,4450,76,801,0,3257,3532,3533,53
13,39,4013,40794,5760,23,23,67,0,247,747,759,769,67,1127,2354,2400,2354,2955,5041,1080,963,0,2712,4802,962,949,372,4687,198,1115,0,5177,4920,4920,171
13,40,4108,41800,5888,4,4,12,7,251,751,763,773,12,339,590,567,590,1439,2335,774,750,0,1380,2793,751,477,290,4492,108,786,0,3144,2637,2637,45
13,41,4235,43022,5888,19,18,48,0,270,770,782,792,48,584,1355,1496,1355,2988,4954,1049,816,0,2149,4089,816,946,424,4552,141,510,0,3946,3317,3317,0
13,42,4334,44025,5888,15,15,52,0,285,785,797,807,52,1098,2109,2086,2109,2608,4805,878,919,0,2567,4653,919,979,298,4732,93,428,0,4584,4674,4674,21
13,43,4429,45070,5888,23,23,54,0,308,808,820,830,54,1265,2293,2291,2293,2225,3892,853,789,0,2634,4469,789,871,215,4992,90,1052,0,4048,4626,4627,179
13,44,4531,46074,5888,26,26,55,0,334,834,839,849,55,1112,2258,2157,2259,2889,5478,875,1005,0,2772,4745,1005,796,410,4787,209,619,0,4949,4684,4684,118
13,45,4625,47077,5888,14,14,52,0,348,848,859,869,52,1036,1945,2024,1945,2903,4886,1027,729,0,2489,4364,729,986,152,4792,84,661,0,4819,4740,4740,495
13,46,4734,48088,5888,22,23,56,0,370,870,882,892,56,1130,2182,2194,2181,2765,4865,1056,1134,0,3442,5921,1134,1157,270,5162,91,821,0,5076,5571,5571,145
13,47,4831,49100,5888,20,20,62,0,390,890,902,912,62,1175,2324,2353,2324,2951,5347,1044,970,0,3068,5188,970,985,351,5188,157,778,0,5145,5339,5339,300
13,48,4944,50162,5888,23,23,68,0,413,913,925,935,68,1220,2523,2512,2523,3191,5769,1060,1086,0,3359,5670,1086,1040,456,5270,123,734,0,5086,5202,5202,92
13,49,5041,51163,5888,21,20,59,0,434,934,946,956,59,1079,2176,2200,2177,2805,4887,648,868,0,2648,4423,868,730,281,5265,104,852,0,4481,4436,4436,105
13,50,5137,52178,5888,25,25,62,0,459,959,971,981,62,1170,2344,2348,2343,2650,5326,962,860,0,2829,4815,860,947,236,5100,58,524,0,4652,4751,4751,41
13,51,5239,53183,5888,14,14,43,0,473,973,985,995,43,901,1771,1718,1771,2259,3887,649,632,0,2201,3605,632,608,290,5330,79,614,0,3680,3758,3758,196
13,52,5344,54184,5888,26,26,66,0,499,999,1011,1021,66,1228,2421,2482,2421,2991,5000,1047,1013,0,2959,5123,1013,976,485,5739,146,1088,0,5231,5106,5106,179
13,53,5444,55278,5888,17,20,61,0,516,1016,1028,1038,61,1008,2221,2167,2221,3302,6147,930,1014,0,3139,5369,1013,1025,232,5482,90,565,0,5030,4919,4919,132
13,54,5531,56310,5888,15,14,40,0,531,1031,1043,1053,40,740,1455,1500,1455,2373,4038,681,715,0,2042,3581,716,655,227,5490,55,466,0,3876,3405,3405,4
13,55,5622,57331,5888,20,17,53,0,551,1051,1063,1073,53,950,1954,1957,1954,2303,3886,520,523,0,2263,3481,522,525,239,5958,84,840,0,3525,3542,3542,116
13,56,5723,58339,5888,26,25,69,0,577,1077,1087,1097,69,1236,2553,2547,2553,3012,5846,910,767,0,2944,4836,768,951,205,6014,81,593,0,4872,4842,4842,122
13,57,5826,59377,5888,19,19,62,0,596,1096,1108,1118,62,1178,2354,2356,2354,2710,4959,986,929,0,2773,4780,929,905,374,5747,195,700,0,4730,4875,4875,221
13,58,5935,60395,5888,24,24,63,0,620,1120,1132,1142,63,1099,2327,2296,2327,2747,5115,978,1014,0,2937,5074,1014,943,334,5901,110,628,0,4898,4865,4865,97
13,59,6018,61399,5888,5,7,16,0,625,1125,1136,1146,16,285,639,589,640,1541,2424,684,307,0,813,1460,307,281,184,5652,81,334,0,2712,3323,3323,1960
13,60,6088,62429,6016,4,3,31,20,629,1129,1141,1151,31,719,883,1308,882,334,334,731,1027,0,1843,3768,1027,663,134,6011,46,1642,0,2256,3160,1781,25
13,61,6192,63440,6144,8,8,43,20,637,1137,1149,1159,43,518,1711,1335,1712,3610,5724,1283,1058,0,2635,4565,1058,743,631,6618,251,861,0,6131,6455,6142,1603
13,62,6295,64447,6144,40,39,47,0,677,1177,1189,1199,47,944,2635,1837,2635,2581,4770,1313,1108,0,4153,7098,1108,1636,297,6894,128,511,0,5072,5763,5597,192
13,63,6405,65460,6144,27,23,56,0,704,1204,1216,1226,55,1107,2091,2167,2090,2601,4554,912,1050,0,2877,5066,1050,956,341,7251,85,802,0,4743,5030,5030,156
13,64,6512,66507,6144,18,19,53,0,722,1222,1234,1244,53,1155,2196,2162,2196,2799,5232,970,939,0,2765,4762,939,881,314,7022,131,529,0,4868,4843,4843,264
13,65,6617,67533,6144,22,21,52,0,744,1244,1256,1266,52,1061,2040,2049,2039,2724,4410,724,1051,0,3028,5051,1051,798,384,7500,114,894,0,4678,4906,4906,222
13,66,6717,68539,6144,29,27,68,0,773,1273,1285,1295,68,1223,2453,2515,2453,2843,5500,719,765,0,3198,4913,765,775,322,7409,129,752,0,4487,4722,4722,62
13,67,6812,69547,6272,16,16,57,0,789,1289,1301,1311,57,1107,2231,2190,2231,2577,4587,975,816,0,2626,4542,816,923,170,7697,67,932,0,4548,4511,4511,31
13,68,6913,70571,6272,17,22,53,0,806,1306,1318,1328,53,1059,2141,2066,2141,2560,5028,833,950,0,2583,4505,950,795,241,7430,79,530,0,4519,4513,4513,76
13,69,7018,71583,6272,24,19,55,0,830,1330,1342,1352,55,1070,2017,2115,2017,2916,4859,911,793,0,2752,4715,793,996,389,7599,188,702,0,4761,4634,4634,5
13,70,7112,72589,6272,23,23,66,0,853,1353,1365,1375,66,1049,2244,2303,2244,2607,4845,993,823,0,2651,4467,822,813,426,7661,180,767,0,4603,4470,4470,23
13,71,7215,73608,6272,18,18,63,0,871,1371,1383,1393,63,1047,2286,2244,2286,2894,4944,827,888,0,2814,4792,889,925,311,7869,153,957,0,4779,4895,4895,126
13,72,7316,74622,6272,16,18,48,0,887,1387,1399,1409,48,957,1925,1869,1926,2808,4885,985,1033,0,2799,4925,1033,916,371,8041,106,749,0,4825,4837,4837,38
13,73,7401,75636,6272,14,13,48,0,901,1401,1413,1423,48,632,1533,1544,1533,2294,3948,519,694,0,1909,3322,694,577,345,8133,107,639,0,3661,3463,3463,195
13,74,7503,76643,6272,22,22,81,0,923,1423,1435,1445,81,1181,2661,2720,2662,3063,5650,1106,902,0,3109,5194,902,1005,432,8176,112,772,0,5183,5102,5102,108
13,75,7600,77646,6272,22,21,65,0,945,1445,1457,1467,65,1085,2318,2320,2318,2970,5537,739,775,0,2631,4300,775,735,349,7941,142,525,0,4664,4764,4764,574
13,76,7708,78678,6272,23,27,64,0,968,1468,1480,1490,64,1295,2546,2511,2546,2935,5365,1054,1005,0,3650,5873,1005,1022,333,8296,132,674,0,5028,5179,5179,27
13,77,7800,79692,6272,24,20,66,0,992,1492,1504,1514,66,1185,2368,2439,2368,2756,4936,798,820,0,2991,4807,820,832,269,8475,134,933,0,4257,4934,4934,171
13,78,7905,80701,6272,8,11,24,0,1000,1500,1511,1521,24,488,1021,944,1021,2166,3747,1015,418,0,1487,2333,418,331,469,8095,152,333,0,3779,3243,3243,1096
13,79,7989,81753,6272,6,3,7,0,1006,1506,1518,1528,7,110,175,243,174,333,333,923,696,0,1237,2777,696,637,94,8562,48,576,0,2112,2862,1670,4
13,80,8077,82783,6272,6,6,26,3,1012,1512,1524,1534,26,672,1172,1166,1172,1863,2917,567,602,0,1624,2857,602,458,320,8739,108,697,0,3164,2810,2810,30
1,0,85,1017,4608,3,6,45,0,1,4,16,26,45,772,1398,1627,1398,2211,3305,442,348,0,1467,2220,348,267,330,94,175,533,0,3181,2234,2234,14
1,1,172,2042,4736,23,20,45,0,1,27,38,48,45,962,1818,1817,1819,2406,4188,635,688,0,2216,3718,688,652,216,209,70,568,0,3889,4011,4011,386
1,2,260,3047,4864,10,11,33,0,1,37,49,59,33,670,1328,1297,1327,2212,3450,732,872,0,2190,3940,872,714,336,520,148,627,0,3976,3868,3868,326
1,3,357,4054,4864,22,21,60,0,1,59,71,81,60,1273,2441,2413,2441,2865,5333,920,940,0,3096,5179,940,973,252,473,71,572,0,4905,5072,5072,219
1,4,451,5073,4864,21,23,52,0,1,80,92,102,52,936,1884,1924,1884,2501,4327,656,768,0,2868,4479,768,650,353,743,71,956,0,4105,4282,4282,22
1,5,557,6130,4864,17,13,51,0,1,97,109,119,51,972,1997,1941,1996,2691,4976,763,796,0,2596,4374,796,815,214,951,47,613,0,4410,4477,4477,125
1,6,653,7139,4864,23,23,61,0,1,120,132,142,61,1072,2138,2231,2138,2631,4749,805,825,0,2966,4537,824,576,422,1078,218,726,0,4440,4763,4763,351
1,7,757,8144,4992,17,16,49,0,1,137,149,159,49,847,1745,1778,1745,2691,4347,720,741,0,2514,4278,741,852,402,1212,118,937,0,4304,4139,4139,212
1,8,859,9161,5120,22,21,60,0,1,159,171,181,60,1214,2410,2354,2411,2674,5392,800,944,0,3000,4857,945,746,324,916,92,573,0,4579,5126,5126,481
1,9,957,10170,5120,25,25,60,0,1,184,196,206,60,1138,2208,2278,2207,3022,5195,692,833,0,2688,4461,833,767,268,1093,77,683,0,4727,4031,4031,55
1,10,1053,11199,5120,2,10,22,0,1,186,198,208,22,644,1250,1062,1249,2162,3486,682,710,0,1885,3414,710,654,279,1289,111,455,0,3706,3575,3575,257
1,11,1172,12231,5248,13,7,31,12,1,199,211,221,31,584,1150,1173,1149,2446,3470,629,618,0,1974,3299,617,549,281,1915,72,874,0,3718,3003,3003,49
1,12,1269,13246,5376,19,17,61,0,1,218,230,240,61,946,2234,2105,2234,2672,5148,629,695,0,2548,4136,696,718,247,1640,75,503,0,4176,4156,4156,138
1,13,1365,14257,5376,23,20,60,0,1,241,253,263,60,1134,2203,2274,2203,2904,4949,741,800,0,2704,4395,800,723,207,1717,59,733,0,4552,4614,4614,385
1,14,1464,15275,5376,25,25,72,0,1,266,278,288,72,1074,2356,2442,2356,3113,5694,820,900,0,2829,4703,900,803,229,1593,69,594,0,4979,4561,4561,244
1,15,1558,16291,5376,16,16,60,0,1,282,294,304,60,1065,2194,2205,2194,2707,4713,810,671,0,2813,4370,670,712,363,1740,106,793,0,4347,4255,4255,153
1,16,1653,17292,5376,24,24,69,0,1,306,318,328,69,1229,2691,2540,2691,3061,5603,831,838,0,3136,4977,839,824,426,1942,105,791,0,4911,4967,4967,143
1,17,1752,18308,5376,26,26,60,0,1,332,344,354,60,1252,2316,2392,2316,2690,5025,783,888,0,2646,4531,888,822,232,1939,80,848,0,4541,4389,4389,5
1,18,1852,19328,5376,22,24,54,0,1,354,363,373,54,1032,2108,2058,2108,2704,4834,838,960,0,2596,4590,960,858,409,1964,178,776,0,4646,4579,4579,16
1,19,1952,20341,5376,17,17,54,0,1,371,383,393,54,885,1901,1911,1901,2498,4653,808,830,0,2182,3983,830,804,221,2005,63,589,0,4230,3972,3972,37
1,20,2041,21352,5504,4,4,14,0,1,375,384,394,14,374,767,640,768,1429,2403,1498,355,0,907,1537,355,219,419,1820,222,255,0,3462,4009,3544,2044
1,21,2121,22490,5504,7,5,24,12,1,382,394,404,24,390,478,846,477,253,253,1435,1074,0,1277,3475,1074,946,222,2283,65,1101,0,2706,3661,1483,52
1,22,2226,23649,5632,6,6,30,7,1,388,400,410,30,622,1275,1192,1274,3406,4447,925,866,0,1969,3630,865,638,523,2978,176,1253,0,4625,4454,4454,879
1,23,2326,24658,5632,15,18,30,0,1,403,415,425,30,794,1601,1364,1601,2078,4023,744,988,0,2683,4825,988,949,252,3155,78,672,0,3970,3998,3998,67
1,24,2428,25667,5632,19,19,50,0,1,422,434,444,50,947,1799,1897,1800,2406,4318,716,713,0,2311,3907,714,710,290,3109,77,657,0,4016,3992,3992,152
1,25,2539,26675,5632,23,20,54,0,1,445,457,467,54,1159,2163,2185,2163,3211,5168,1012,870,0,3149,5251,870,1056,393,3497,130,885,0,5273,5139,5139,40
1,26,2642,27683,5632,25,25,61,0,1,470,482,492,61,1249,2397,2408,2396,2816,5311,1023,862,0,3011,5066,862,1015,361,3398,151,798,0,4861,5084,5084,58
1,27,2741,28692,5760,18,19,62,0,1,488,500,510,62,1247,2490,2425,2491,3452,6105,1059,973,0,3012,5143,973,986,249,3318,140,570,0,5663,5349,5349,264
1,28,2841,29699,5760,29,30,78,0,17,517,529,539,78,1285,2822,2767,2821,3388,5921,957,961,0,3425,5591,961,1030,439,3546,186,804,0,5486,5409,5409,82
1,29,2945,30714,5760,25,23,73,0,42,542,554,564,73,1286,2545,2673,2546,2889,5688,1259,1036,0,3046,5504,1036,1246,194,3446,95,678,0,5344,5442,5442,20
1,30,3040,31715,5760,22,22,65,0,64,564,576,586,65,1167,2431,2402,2430,3046,5554,917,827,0,2899,4828,827,930,256,3388,98,572,0,4970,4896,4896,88
1,31,3140,32724,5760,23,23,58,0,87,587,599,609,58,1164,2258,2266,2258,2964,5078,1108,808,0,2984,4963,808,1003,377,3553,111,724,0,5060,5027,5027,164
1,32,3234,33745,5760,15,15,50,0,102,602,614,624,50,1021,1949,1971,1949,2819,4703,942,842,0,2591,4482,842,871,190,3817,73,811,0,4783,4470,4470,152
1,33,3331,34764,5760,23,23,61,0,125,625,637,647,61,1127,2321,2286,2321,2928,5207,761,877,0,2828,4775,877,889,196,3861,85,818,0,4727,4597,4597,34
1,34,3435,35783,5760,23,23,70,0,148,648,660,670,70,1175,2523,2505,2523,3183,5913,935,957,0,2876,4958,956,953,282,3713,134,593,0,5234,5072,5072,148
1,35,3535,36796,5760,23,24,59,0,171,671,682,692,59,1160,2250,2281,2251,2873,5268,893,929,0,2710,4654,930,848,331,3659,111,541,0,4676,4818,4818,347
1,36,3636,37809,5760,24,24,61,0,195,695,707,717,61,1119,2256,2278,2256,3037,5211,989,845,0,2854,4810,845,932,380,3789,104,645,0,5051,4571,4571,108
1,37,3742,38869,5760,13,12,47,0,208,708,720,730,47,878,1741,1771,1742,2344,4230,887,698,0,2369,4064,698,835,226,3828,102,581,0,4074,4069,4068,223
1,38,3827,39897,5760,15,15,37,2,223,723,735,745,37,720,1359,1423,1358,1487,2767,802,694,0,1904,3514,694,759,190,3923,74,724,0,3141,3326,3327,36
1,39,3937,40904,5760,24,24,60,0,247,747,758,768,60,1119,2367,2259,2367,3033,5262,860,973,0,2745,4839,973,941,328,4087,136,754,0,5046,4813,4813,10
1,40,4024,41907,5888,3,4,20,0,250,750,762,772,20,296,679,676,680,1791,2920,1302,340,0,842,1580,340,338,401,3854,163,320,0,3613,3879,3614,2044
1,41,4097,42944,5888,4,3,24,12,254,754,766,776,24,706,902,1162,901,320,320,1001,832,0,1907,4130,832,1189,114,4273,41,1482,0,2333,3607,2094,8
1,42,4195,43961,6016,16,17,41,12,270,770,782,792,41,625,1857,1404,1857,3183,5614,708,948,0,2488,4247,948,650,266,4157,119,455,0,5019,4305,4305,71
1,43,4303,44985,6016,30,31,59,0,300,800,812,822,59,1246,2426,2367,2426,2639,4737,1002,902,0,2887,4957,902,987,303,4436,122,724,0,4668,4930,4930,52
1,44,4399,46000,6016,22,20,52,0,322,822,834,844,52,1127,2057,2115,2058,2935,4896,926,980,0,2747,4797,980,907,380,4478,140,878,0,5021,5066,5066,345
1,45,4506,47030,6144,23,23,69,0,345,845,857,867,69,1183,2486,2494,2485,2834,5353,846,1011,0,3216,5315,1011,899,168,4594,56,895,0,4696,4859,4859,1
1,46,4597,48049,6144,18,19,62,0,363,863,875,885,62,1055,2195,2233,2195,2641,4990,945,820,0,2706,4558,820,858,306,4577,107,779,0,4586,4785,4785,236
1,47,4700,49073,6144,22,21,59,0,385,885,897,907,59,1124,2218,2245,2218,3130,5117,969,931,0,3015,5048,931,920,564,4892,183,1115,0,5117,5049,5049,258
1,48,4802,50089,6144,25,25,76,0,410,910,922,932,76,1245,2653,2689,2653,2922,5786,982,953,0,3345,5423,953,961,415,4757,157,940,0,5037,5130,5130,31
1,49,4890,51097,6144,15,15,44,0,425,925,937,947,44,1035,1905,1871,1905,2821,4640,678,740,0,2314,4013,740,782,256,4992,83,992,0,4419,4079,4079,97
1,50,4984,52108,6144,26,26,60,0,451,951,963,973,60,1166,2336,2306,2337,2944,5655,819,1011,0,2630,4640,1011,830,149,4702,67,587,0,4934,4702,4702,177
1,51,5081,53128,6144,12,13,44,0,463,963,975,985,44,855,1739,1691,1739,2543,4333,826,774,0,2437,4205,774,818,120,4972,41,624,0,4186,4063,4063,81
1,52,5168,54143,6144,24,25,64,0,487,987,999,1009,64,1199,2392,2415,2392,2525,4433,913,754,0,2707,4346,754,713,519,5341,235,1131,0,4372,4501,4501,236
1,53,5264,55174,6144,24,22,59,0,511,1011,1023,1033,59,1152,2252,2273,2252,2954,5492,838,849,0,2948,4913,849,934,398,5170,171,867,0,4327,4570,4570,112
1,54,5364,56186,6144,14,14,50,0,525,1025,1037,1047,50,789,1722,1739,1723,2456,4416,796,831,0,2433,4208,831,787,266,5188,106,646,0,4220,4564,4564,512
1,55,5466,57197,6144,14,18,39,0,539,1039,1051,1061,39,735,1572,1476,1571,2094,3782,629,918,0,2502,4283,918,679,349,5490,104,682,0,3821,3818,3818,47
1,56,5563,58215,6144,29,24,68,0,568,1068,1080,1090,68,1175,2465,2467,2465,3117,5581,979,766,0,2866,4766,765,974,465,5340,212,685,0,5041,5027,5027,308
1,57,5665,59234,6144,23,23,68,0,591,1091,1103,1113,68,1166,2411,2458,2411,2827,5204,1069,1013,0,3080,5381,1014,1106,257,5557,104,785,0,5085,5262,5262,198
1,58,5764,60251,6144,17,18,59,0,608,1108,1120,1130,59,1106,2274,2227,2274,2713,5062,982,988,0,2657,4791,988,969,185,5761,70,724,0,4836,4639,4639,68
1,59,5870,61260,6144,17,20,41,0,625,1125,1137,1147,41,824,1669,1603,1670,2413,4338,933,654,0,2116,3533,654,621,301,5475,143,402,0,4160,4122,4122,666
1,60,5975,62361,6144,5,4,17,8,630,1130,1142,1152,17,181,398,504,397,1515,1526,1140,1093,0,1092,2728,1092,382,318,6097,96,895,0,3904,4016,2347,531
1,61,6074,63379,6144,16,18,46,0,646,1146,1158,1168,46,1031,1990,1905,1991,2614,4812,870,957,0,2604,4686,958,944,369,5947,151,602,0,4621,4573,4573,426
1,62,6172,64393,6144,27,20,53,0,673,1173,1185,1195,53,1179,2175,2186,2174,3212,5272,805,996,0,2876,4909,996,855,338,6267,103,919,0,5165,4597,4597,131
1,63,6269,65410,6144,22,21,59,0,695,1195,1207,1217,59,1078,2177,2199,2177,2675,5153,696,775,0,2606,4324,775,769,252,6059,69,640,0,4306,4196,4196,67
1,64,6368,66419,6144,26,26,69,0,721,1221,1233,1243,69,1154,2425,2465,2426,3023,5363,1060,878,0,2989,4972,878,939,359,6248,126,765,0,5141,5070,5070,165
1,65,6475,67428,6144,15,15,49,0,736,1236,1248,1258,49,1055,2042,1986,2041,2893,4861,874,891,0,2814,4873,891,991,174,6281,67,783,0,4818,4728,4728,65
1,66,6562,68444,6144,24,24,53,0,760,1260,1272,1282,53,1171,2283,2178,2282,2725,5120,798,855,0,2737,4556,855,786,221,6149,77,622,0,4489,4369,4369,12
1,67,6657,69460,6144,20,19,69,0,780,1280,1292,1302,69,1028,2220,2339,2220,3222,5306,1047,754,0,2567,4125,754,648,432,6470,272,877,0,5203,4895,4895,782
1,68,6754,70470,6144,23,23,48,0,803,1303,1315,1325,48,1229,2160,2141,2160,2590,5100,858,1154,0,3139,5736,1154,1249,154,6223,54,508,0,4782,4902,4902,1
1,69,6857,71480,6144,15,15,57,0,818,1318,1330,1340,57,938,1965,2021,1965,2992,4843,973,859,0,2476,4258,859,763,352,6410,123,678,0,5003,4477,4477,220
1,70,6955,72485,6144,24,24,53,0,842,1342,1353,1363,53,1086,2110,2093,2111,2572,4657,616,779,0,2597,4249,779,693,268,6481,73,705,0,4127,4099,4099,70
1,71,7057,73514,6144,20,22,54,0,862,1362,1374,1384,54,1143,2262,2169,2262,2833,5039,795,936,0,2945,4911,936,850,231,6570,93,671,0,4472,4907,4907,105
1,72,7154,74535,6144,22,20,50,0,884,1384,1396,1406,50,985,1969,1935,1969,2339,4197,850,868,0,2837,4682,867,797,342,6860,107,748,0,4236,4530,4530,6
1,73,7245,75545,6144,13,13,48,0,897,1397,1409,1419,48,670,1433,1582,1433,2032,3633,597,600,0,1927,3305,601,635,90,7000,21,729,0,3390,3310,3310,12
1,74,7344,76558,6144,16,16,49,0,913,1413,1425,1435,49,997,1981,1928,1981,2261,4184,773,864,0,2323,4098,863,731,228,7016,89,734,0,4036,4160,4160,86
1,75,7447,77570,6144,24,24,62,0,937,1437,1449,1459,62,1332,2569,2510,2569,2934,5325,994,1062,0,3162,5402,1063,1001,269,7063,112,853,0,5171,5334,5334,39
1,76,7538,78582,6144,21,21,53,0,958,1458,1470,1480,53,1082,2015,2089,2016,2450,4501,791,835,0,2570,4255,835,704,295,7112,64,891,0,4236,4608,4608,409
1,77,7643,79585,6144,23,23,69,0,981,1481,1493,1503,69,1302,2636,2613,2635,3254,5888,877,971,0,3197,5315,971,950,327,7197,149,870,0,5282,4907,4907,1
1,78,7737,80597,6144,19,20,52,0,1000,1500,1510,1520,52,769,1845,1757,1846,2912,5150,1024,764,0,2124,3765,764,760,268,6892,88,389,0,4880,4902,4902,1140
1,79,7900,81659,6144,1,0,18,6,1001,1501,1513,1523,18,276,470,618,469,1845,2322,932,1132,0,1615,3288,1132,296,329,7274,118,530,0,3948,2062,2047,13
1,80,7978,82721,6144,10,10,19,0,1011,1511,1523,1533,19,443,865,804,865,1377,1926,349,356,0,1121,2343,356,702,493,7556,117,786,0,2281,2363,2363,91
